{"on": {"x1_10_i1": 0.36, "x1_10_i2": 2.848, "x1_10_v1": 1.8, "x1_10_v2": 1.8, "x0_13_i1": 0.031, "x1_11_v": 0.852, "x0_13_i2": 0.014, "PSU_volt": 54.56, "x0_13_v1": 0.9, "x0_13_v2": 1.2, "PSU_power": 710.644, "FPGA_X1_temp": 21.18, "x0_10_v1": 1.8, "x0_10_v2": 1.8, "x0_10_i1": 0.331, "x0_10_i2": 2.973, "x0_11_v": 0.855, "FPGA_X0_temp": 20.682, "x1_13_v1": 0.9, "FPGA_X1_VCCINT": 0.85, "x0_11_i": 1.949, "x1_13_v2": 1.2, "x1_14_i1": 0.008, "X0_power": 7.685595, "x1_14_i2": 0.014, "x0_14_i1": 0.007, "x0_14_i2": 0.021, "X1_power": 5.937912, "x0_14_v1": 1.2, "x1_11_i": 0.106, "x0_14_v2": 0.9, "x1_14_v1": 1.2, "x1_14_v2": 0.9, "x1_13_i1": 0.034, "x1_13_i2": 0.017, "FPGA_X0_VCCINT": 0.85}, "X065535": {"x1_10_i1": 0.465, "x1_10_i2": 2.961, "x1_10_v1": 1.8, "x1_10_v2": 1.8, "x0_13_i1": 4.109, "x1_11_v": 0.852, "x0_13_i2": 8.172, "PSU_volt": 54.56, "x0_13_v1": 0.9, "x0_13_v2": 1.199, "PSU_power": 920.7, "FPGA_X1_temp": 73.902, "x0_10_v1": 1.8, "x0_10_v2": 1.8, "x0_10_i1": 0.439, "x0_10_i2": 3.094, "x0_11_v": 0.855, "FPGA_X0_temp": 68.928, "x1_13_v1": 0.9, "FPGA_X1_VCCINT": 0.823, "x0_11_i": 66.125, "x1_13_v2": 1.2, "x1_14_i1": 3.949, "X0_power": 84.16710300000001, "x1_14_i2": 3.332, "x0_14_i1": 4.0, "x0_14_i2": 3.305, "X1_power": 80.4297, "x0_14_v1": 1.2, "x1_11_i": 62.5, "x0_14_v2": 0.9, "x1_14_v1": 1.2, "x1_14_v2": 0.9, "x1_13_i1": 4.125, "x1_13_i2": 7.969, "FPGA_X0_VCCINT": 0.826}, "off": {"x1_10_i1": 0.003, "x1_10_i2": 0.003, "x1_10_v1": 0.381, "x1_10_v2": 0.728, "x0_13_i1": 0.005, "x1_11_v": 0.0, "x0_13_i2": 0.004, "PSU_volt": 54.56, "x0_13_v1": 0.018, "x0_13_v2": 0.963, "PSU_power": 705.1880000000001, "x0_10_v1": 0.35, "x0_10_v2": 0.712, "x0_10_i1": 0.003, "x0_10_i2": 0.002, "x0_11_v": 0.001, "x1_13_v1": 0.019, "x0_11_i": 0.0, "x1_13_v2": 0.922, "x1_14_i1": 0.001, "X0_power": 0.007302, "x1_14_i2": 0.002, "x0_14_i1": 0.003, "x0_14_i2": 0.002, "X1_power": 0.005332, "x0_14_v1": 0.286, "x1_11_i": 0.0, "x0_14_v2": 0.014, "x1_14_v1": 0.108, "x1_14_v2": 0.017, "x1_13_i1": 0.001, "x1_13_i2": 0.002}, "X04095": {"x1_10_i1": 0.466, "x1_10_i2": 2.957, "x1_10_v1": 1.8, "x1_10_v2": 1.8, "x0_13_i1": 4.086, "x1_11_v": 0.852, "x0_13_i2": 8.172, "PSU_volt": 54.56, "x0_13_v1": 0.9, "x0_13_v2": 1.2, "PSU_power": 907.0600000000001, "FPGA_X1_temp": 72.409, "x0_10_v1": 1.8, "x0_10_v2": 1.8, "x0_10_i1": 0.435, "x0_10_i2": 3.074, "x0_11_v": 0.855, "FPGA_X0_temp": 63.457, "x1_13_v1": 0.9, "FPGA_X1_VCCINT": 0.823, "x0_11_i": 54.875, "x1_13_v2": 1.2, "x1_14_i1": 3.941, "X0_power": 74.495025, "x1_14_i2": 3.328, "x0_14_i1": 4.008, "x0_14_i2": 3.297, "X1_power": 80.5248, "x0_14_v1": 1.2, "x1_11_i": 62.625, "x0_14_v2": 0.9, "x1_14_v1": 1.2, "x1_14_v2": 0.9, "x1_13_i1": 4.133, "x1_13_i2": 7.969, "FPGA_X0_VCCINT": 0.829}, "X0255": {"x1_10_i1": 0.467, "x1_10_i2": 2.957, "x1_10_v1": 1.8, "x1_10_v2": 1.8, "x0_13_i1": 4.062, "x1_11_v": 0.853, "x0_13_i2": 8.172, "PSU_volt": 54.56, "x0_13_v1": 0.9, "x0_13_v2": 1.2, "PSU_power": 878.416, "FPGA_X1_temp": 70.917, "x0_10_v1": 1.8, "x0_10_v2": 1.8, "x0_10_i1": 0.437, "x0_10_i2": 3.086, "x0_11_v": 0.856, "FPGA_X0_temp": 55.499, "x1_13_v1": 0.9, "FPGA_X1_VCCINT": 0.823, "x0_11_i": 41.0, "x1_13_v2": 1.2, "x1_14_i1": 3.941, "X0_power": 62.63929999999999, "x1_14_i2": 3.316, "x0_14_i1": 3.992, "x0_14_i2": 3.277, "X1_power": 80.08944499999998, "x0_14_v1": 1.2, "x1_11_i": 62.062, "x0_14_v2": 0.9, "x1_14_v1": 1.199, "x1_14_v2": 0.9, "x1_13_i1": 4.117, "x1_13_i2": 7.977, "FPGA_X0_VCCINT": 0.835}, "X14095": {"x1_10_i1": 0.462, "x1_10_i2": 2.957, "x1_10_v1": 1.8, "x1_10_v2": 1.8, "x0_13_i1": 0.035, "x1_11_v": 0.852, "x0_13_i2": 0.014, "PSU_volt": 54.56, "x0_13_v1": 0.9, "x0_13_v2": 1.2, "PSU_power": 795.212, "FPGA_X1_temp": 57.985, "x0_10_v1": 1.8, "x0_10_v2": 1.8, "x0_10_i1": 0.338, "x0_10_i2": 2.973, "x0_11_v": 0.855, "FPGA_X0_temp": 20.185, "x1_13_v1": 0.9, "FPGA_X1_VCCINT": 0.826, "x0_11_i": 1.951, "x1_13_v2": 1.2, "x1_14_i1": 3.934, "X0_power": 7.743449, "x1_14_i2": 3.23, "x0_14_i1": 0.044, "x0_14_i2": 0.016, "X1_power": 69.73349999999999, "x0_14_v1": 1.201, "x1_11_i": 50.125, "x0_14_v2": 0.9, "x1_14_v1": 1.2, "x1_14_v2": 0.9, "x1_13_i1": 4.102, "x1_13_i2": 7.961, "FPGA_X0_VCCINT": 0.853}, "X1255": {"x1_10_i1": 0.466, "x1_10_i2": 2.957, "x1_10_v1": 1.8, "x1_10_v2": 1.8, "x0_13_i1": 0.033, "x1_11_v": 0.852, "x0_13_i2": 0.015, "PSU_volt": 54.56, "x0_13_v1": 0.901, "x0_13_v2": 1.2, "PSU_power": 782.9360000000001, "FPGA_X1_temp": 52.017, "x0_10_v1": 1.8, "x0_10_v2": 1.8, "x0_10_i1": 0.334, "x0_10_i2": 2.977, "x0_11_v": 0.855, "FPGA_X0_temp": 20.185, "x1_13_v1": 0.9, "FPGA_X1_VCCINT": 0.832, "x0_11_i": 1.951, "x1_13_v2": 1.2, "x1_14_i1": 3.938, "X0_power": 7.741938, "x1_14_i2": 3.227, "x0_14_i1": 0.041, "x0_14_i2": 0.019, "X1_power": 59.727, "x0_14_v1": 1.2, "x1_11_i": 38.375, "x0_14_v2": 0.9, "x1_14_v1": 1.2, "x1_14_v2": 0.9, "x1_13_i1": 4.086, "x1_13_i2": 7.969, "FPGA_X0_VCCINT": 0.853}, "X165535": {"x1_10_i1": 0.462, "x1_10_i2": 2.957, "x1_10_v1": 1.8, "x1_10_v2": 1.8, "x0_13_i1": 0.035, "x1_11_v": 0.852, "x0_13_i2": 0.016, "PSU_volt": 54.56, "x0_13_v1": 0.901, "x0_13_v2": 1.2, "PSU_power": 803.3960000000001, "FPGA_X1_temp": 63.457, "x0_10_v1": 1.8, "x0_10_v2": 1.8, "x0_10_i1": 0.332, "x0_10_i2": 2.969, "x0_11_v": 0.855, "FPGA_X0_temp": 20.682, "x1_13_v1": 0.9, "FPGA_X1_VCCINT": 0.823, "x0_11_i": 1.951, "x1_13_v2": 1.2, "x1_14_i1": 3.941, "X0_power": 7.732639999999999, "x1_14_i2": 3.238, "x0_14_i1": 0.042, "x0_14_i2": 0.024, "X1_power": 78.69179999999999, "x0_14_v1": 1.2, "x1_11_i": 60.625, "x0_14_v2": 0.9, "x1_14_v1": 1.2, "x1_14_v2": 0.9, "x1_13_i1": 4.109, "x1_13_i2": 7.953, "FPGA_X0_VCCINT": 0.853}, "X10": {"x1_10_i1": 0.481, "x1_10_i2": 2.957, "x1_10_v1": 1.8, "x1_10_v2": 1.8, "x0_13_i1": 0.03, "x1_11_v": 0.851, "x0_13_i2": 0.015, "PSU_volt": 54.56, "x0_13_v1": 0.9, "x0_13_v2": 1.2, "PSU_power": 754.2920000000001, "FPGA_X1_temp": 39.085, "x0_10_v1": 1.8, "x0_10_v2": 1.8, "x0_10_i1": 0.331, "x0_10_i2": 2.969, "x0_11_v": 0.855, "FPGA_X0_temp": 20.682, "x1_13_v1": 0.9, "FPGA_X1_VCCINT": 0.844, "x0_11_i": 1.945, "x1_13_v2": 1.199, "x1_14_i1": 3.922, "X0_power": 7.712775, "x1_14_i2": 3.188, "x0_14_i1": 0.039, "x0_14_i2": 0.02, "X1_power": 38.053749, "x0_14_v1": 1.2, "x1_11_i": 13.094, "x0_14_v2": 0.9, "x1_14_v1": 1.2, "x1_14_v2": 0.9, "x1_13_i1": 4.023, "x1_13_i2": 7.945, "FPGA_X0_VCCINT": 0.853}, "X015": {"x1_10_i1": 0.465, "x1_10_i2": 2.957, "x1_10_v1": 1.8, "x1_10_v2": 1.8, "x0_13_i1": 4.055, "x1_11_v": 0.852, "x0_13_i2": 8.172, "PSU_volt": 54.56, "x0_13_v1": 0.9, "x0_13_v2": 1.2, "PSU_power": 868.868, "FPGA_X1_temp": 69.425, "x0_10_v1": 1.8, "x0_10_v2": 1.8, "x0_10_i1": 0.442, "x0_10_i2": 3.09, "x0_11_v": 0.855, "FPGA_X0_temp": 47.541, "x1_13_v1": 0.9, "FPGA_X1_VCCINT": 0.823, "x0_11_i": 27.312, "x1_13_v2": 1.2, "x1_14_i1": 3.938, "X0_power": 50.914260000000006, "x1_14_i2": 3.312, "x0_14_i1": 4.008, "x0_14_i2": 3.266, "X1_power": 79.9446, "x0_14_v1": 1.2, "x1_11_i": 62.0, "x0_14_v2": 0.9, "x1_14_v1": 1.2, "x1_14_v2": 0.9, "x1_13_i1": 4.102, "x1_13_i2": 7.969, "FPGA_X0_VCCINT": 0.841}, "X00": {"x1_10_i1": 0.463, "x1_10_i2": 2.965, "x1_10_v1": 1.8, "x1_10_v2": 1.801, "x0_13_i1": 4.008, "x1_11_v": 0.853, "x0_13_i2": 8.141, "PSU_volt": 54.56, "x0_13_v1": 0.901, "x0_13_v2": 1.2, "PSU_power": 851.1360000000001, "FPGA_X1_temp": 67.933, "x0_10_v1": 1.8, "x0_10_v2": 1.8, "x0_10_i1": 0.452, "x0_10_i2": 3.094, "x0_11_v": 0.855, "FPGA_X0_temp": 40.577, "x1_13_v1": 0.9, "FPGA_X1_VCCINT": 0.823, "x0_11_i": 14.203, "x1_13_v2": 1.2, "x1_14_i1": 3.945, "X0_power": 39.58587300000001, "x1_14_i2": 3.305, "x0_14_i1": 3.988, "x0_14_i2": 3.215, "X1_power": 79.979179, "x0_14_v1": 1.2, "x1_11_i": 61.938, "x0_14_v2": 0.9, "x1_14_v1": 1.2, "x1_14_v2": 0.9, "x1_13_i1": 4.102, "x1_13_i2": 7.977, "FPGA_X0_VCCINT": 0.847}, "X115": {"x1_10_i1": 0.469, "x1_10_i2": 2.953, "x1_10_v1": 1.8, "x1_10_v2": 1.8, "x0_13_i1": 0.031, "x1_11_v": 0.851, "x0_13_i2": 0.019, "PSU_volt": 54.56, "x0_13_v1": 0.9, "x0_13_v2": 1.2, "PSU_power": 769.296, "FPGA_X1_temp": 45.551, "x0_10_v1": 1.8,