{"on": {"FPGA_X1_temp": 21.18, "biFF2n_temp": 29.0, "x1_10_i1": 0.357, "biFF0s_temp": 28.0, "x1_10_i2": 2.848, "biFF2s_temp": 29.0, "x1_10_v1": 1.8, "x1_10_v2": 1.8, "biFF4s_temp": 28.0, "biFF3s_temp": 30.0, "biFF5s_temp": 29.0, "x0_13_i1": 0.038, "x1_11_v": 0.852, "x0_13_i2": 0.012, "PSU_volt": 54.56, "biFF1s_temp": 29.0, "x0_13_v1": 0.9, "x0_13_v2": 1.199, "PSU_power": 729.74, "biFF4n_temp": 33.0, "PIM400_Iout": 0.658, "x0_10_v1": 1.8, "x0_10_v2": 1.8, "x0_10_i1": 0.337, "x0_10_i2": 2.969, "biFF1n_temp": 29.0, "x0_11_v": 0.855, "PIM400_Vin": 53.95, "biFF0n_temp": 29.0, "PIM400_temp": 32.32, "FPGA_X0_temp": 21.18, "x1_13_v1": 0.9, "FPGA_X1_VCCINT": 0.85, "x0_11_i": 1.953, "x1_13_v2": 1.2, "x1_14_i1": 0.005, "X0_power": 7.702203000000001, "x1_14_i2": 0.01, "x0_14_i1": 0.014, "x0_14_i2": 0.018, "X1_power": 5.919156, "x0_14_v1": 1.2, "x1_11_i": 0.103, "x0_14_v2": 0.9, "x1_14_v1": 1.2, "x1_14_v2": 0.9, "biFF5n_temp": 26.0, "x1_13_i1": 0.034, "x1_13_i2": 0.014, "FPGA_X0_VCCINT": 0.853, "biFF3n_temp": 29.0}, "X065535": {"FPGA_X1_temp": 64.949, "biFF2n_temp": 33.0, "x1_10_i1": 0.464, "biFF0s_temp": 29.0, "x1_10_i2": 2.824, "biFF2s_temp": 30.0, "x1_10_v1": 1.8, "x1_10_v2": 1.8, "biFF4s_temp": 30.0, "biFF3s_temp": 31.0, "biFF5s_temp": 30.0, "x0_13_i1": 1.867, "x1_11_v": 0.853, "x0_13_i2": 7.062, "PSU_volt": 54.56, "biFF1s_temp": 30.0, "x0_13_v1": 0.901, "x0_13_v2": 1.2, "PSU_power": 889.3280000000001, "biFF4n_temp": 36.0, "PIM400_Iout": 3.572, "x0_10_v1": 1.8, "x0_10_v2": 1.8, "x0_10_i1": 0.438, "x0_10_i2": 2.953, "biFF1n_temp": 32.0, "x0_11_v": 0.855, "PIM400_Vin": 53.95, "biFF0n_temp": 32.0, "PIM400_temp": 32.32, "FPGA_X0_temp": 60.97, "x1_13_v1": 0.9, "FPGA_X1_VCCINT": 0.826, "x0_11_i": 57.188, "x1_13_v2": 1.2, "x1_14_i1": 4.664, "X0_power": 72.305107, "x1_14_i2": 1.586, "x0_14_i1": 4.711, "x0_14_i2": 1.662, "X1_power": 67.498686, "x0_14_v1": 1.2, "x1_11_i": 52.062, "x0_14_v2": 0.9, "x1_14_v1": 1.2, "x1_14_v2": 0.9, "biFF5n_temp": 29.0, "x1_13_i1": 1.92, "x1_13_i2": 7.016, "FPGA_X0_VCCINT": 0.829, "biFF3n_temp": 32.0}, "off": {"PIM400_Iout": 0.282, "biFF2n_temp": 21.0, "x1_10_i1": 0.004, "biFF0s_temp": 21.0, "x1_10_i2": 0.005, "biFF2s_temp": 21.0, "x1_10_v1": 0.052, "x1_10_v2": 0.517, "biFF4s_temp": 20.0, "biFF3s_temp": 23.0, "biFF5s_temp": 21.0, "x0_13_i1": 0.008, "x1_11_v": 0.0, "x0_13_i2": 0.003, "PSU_volt": 54.56, "biFF1s_temp": 22.0, "x0_13_v1": 0.011, "x0_13_v2": 0.966, "PSU_power": 716.1, "biFF4n_temp": 22.0, "x0_10_v1": 0.051, "x0_10_v2": 0.52, "x0_10_i1": 0.004, "x0_10_i2": 0.002, "biFF1n_temp": 21.0, "x0_11_v": 0.001, "PIM400_Vin": 53.95, "biFF0n_temp": 21.0, "PIM400_temp": 30.36, "x1_13_v1": 0.018, "x0_11_i": 0.0, "x1_13_v2": 0.985, "x1_14_i1": 0.001, "X0_power": 0.0042699999999999995, "x1_14_i2": 0.003, "x0_14_i1": 0.004, "x0_14_i2": 0.001, "X1_power": 0.0069559999999999995, "x0_14_v1": 0.009, "x1_11_i": 0.0, "x0_14_v2": 0.004, "x1_14_v1": 0.025, "x1_14_v2": 0.012, "biFF5n_temp": 19.0, "x1_13_i1": 0.009, "x1_13_i2": 0.004, "biFF3n_temp": 20.0}, "X04095": {"FPGA_X1_temp": 63.954, "biFF2n_temp": 32.0, "x1_10_i1": 0.463, "biFF0s_temp": 29.0, "x1_10_i2": 2.836, "biFF2s_temp": 30.0, "x1_10_v1": 1.8, "x1_10_v2": 1.8, "biFF4s_temp": 29.0, "biFF3s_temp": 31.0, "biFF5s_temp": 30.0, "x0_13_i1": 1.869, "x1_11_v": 0.853, "x0_13_i2": 7.055, "PSU_volt": 54.56, "biFF1s_temp": 30.0, "x0_13_v1": 0.9, "x0_13_v2": 1.2, "PSU_power": 871.596, "biFF4n_temp": 36.0, "PIM400_Iout": 3.196, "x0_10_v1": 1.8, "x0_10_v2": 1.8, "x0_10_i1": 0.441, "x0_10_i2": 2.953, "biFF1n_temp": 31.0, "x0_11_v": 0.855, "PIM400_Vin": 53.95, "biFF0n_temp": 32.0, "PIM400_temp": 32.32, "FPGA_X0_temp": 55.001, "x1_13_v1": 0.9, "FPGA_X1_VCCINT": 0.826, "x0_11_i": 45.188, "x1_13_v2": 1.2, "x1_14_i1": 4.664, "X0_power": 62.03903999999999, "x1_14_i2": 1.58, "x0_14_i1": 4.719, "x0_14_i2": 1.648, "X1_power": 67.57702499999999, "x0_14_v1": 1.2, "x1_11_i": 52.125, "x0_14_v2": 0.9, "x1_14_v1": 1.2, "x1_14_v2": 0.9, "biFF5n_temp": 28.0, "x1_13_i1": 1.922, "x1_13_i2": 7.023, "FPGA_X0_VCCINT": 0.832, "biFF3n_temp": 32.0}, "X0255": {"FPGA_X1_temp": 62.462, "biFF2n_temp": 32.0, "x1_10_i1": 0.462, "biFF0s_temp": 29.0, "x1_10_i2": 2.832, "biFF2s_temp": 30.0, "x1_10_v1": 1.8, "x1_10_v2": 1.8, "biFF4s_temp": 29.0, "biFF3s_temp": 31.0, "biFF5s_temp": 29.0, "x0_13_i1": 1.879, "x1_11_v": 0.853, "x0_13_i2": 7.078, "PSU_volt": 54.56, "biFF1s_temp": 30.0, "x0_13_v1": 0.9, "x0_13_v2": 1.2, "PSU_power": 866.1400000000001, "biFF4n_temp": 36.0, "PIM400_Iout": 3.102, "x0_10_v1": 1.8, "x0_10_v2": 1.8, "x0_10_i1": 0.444, "x0_10_i2": 2.953, "biFF1n_temp": 31.0, "x0_11_v": 0.855, "PIM400_Vin": 53.95, "biFF0n_temp": 32.0, "PIM400_temp": 32.32, "FPGA_X0_temp": 47.541, "x1_13_v1": 0.9, "FPGA_X1_VCCINT": 0.826, "x0_11_i": 32.375, "x1_13_v2": 1.2, "x1_14_i1": 4.664, "X0_power": 51.121425, "x1_14_i2": 1.584, "x0_14_i1": 4.719, "x0_14_i2": 1.643, "X1_power": 67.563225, "x0_14_v1": 1.2, "x1_11_i": 52.125, "x0_14_v2": 0.9, "x1_14_v1": 1.2, "x1_14_v2": 0.9, "biFF5n_temp": 28.0, "x1_13_i1": 1.922, "x1_13_i2": 7.016, "FPGA_X0_VCCINT": 0.838, "biFF3n_temp": 31.0}, "X14095": {"FPGA_X1_temp": 53.012, "biFF2n_temp": 31.0, "x1_10_i1": 0.468, "biFF0s_temp": 28.0, "x1_10_i2": 2.828, "biFF2s_temp": 29.0, "x1_10_v1": 1.8, "x1_10_v2": 1.8, "biFF4s_temp": 28.0, "biFF3s_temp": 30.0, "biFF5s_temp": 29.0, "x0_13_i1": 0.032, "x1_11_v": 0.853, "x0_13_i2": 0.014, "PSU_volt": 54.56, "biFF1s_temp": 29.0, "x0_13_v1": 0.9, "x0_13_v2": 1.2, "PSU_power": 799.3040000000001, "biFF4n_temp": 35.0, "PIM400_Iout": 1.974, "x0_10_v1": 1.8, "x0_10_v2": 1.8, "x0_10_i1": 0.338, "x0_10_i2": 2.969, "biFF1n_temp": 30.0, "x0_11_v": 0.855, "PIM400_Vin": 53.95, "biFF0n_temp": 31.0, "PIM400_temp": 30.36, "FPGA_X0_temp": 21.18, "x1_13_v1": 0.9, "FPGA_X1_VCCINT": 0.832, "x0_11_i": 1.924, "x1_13_v2": 1.2, "x1_14_i1": 4.672, "X0_power": 7.707420000000001, "x1_14_i2": 1.557, "x0_14_i1": 0.04, "x0_14_i2": 0.018, "X1_power": 57.621, "x0_14_v1": 1.2, "x1_11_i": 40.5, "x0_14_v2": 0.9, "x1_14_v1": 1.2, "x1_14_v2": 0.9, "biFF5n_temp": 27.0, "x1_13_i1": 1.896, "x1_13_i2": 7.023, "FPGA_X0_VCCINT": 0.853, "biFF3n_temp": 30.0}, "X1255": {"FPGA_X1_temp": 46.048, "biFF2n_temp": 31.0, "x1_10_i1": 0.473, "biFF0s_temp": 28.0, "x1_10_i2": 2.832, "biFF2s_temp": 29.0, "x1_10_v1": 1.8, "x1_10_v2": 1.8, "biFF4s_temp": 28.0, "biFF3s_temp": 31.0, "biFF5s_temp": 29.0, "x0_13_i1": 0.035, "x1_11_v": 0.852, "x0_13_i2": 0.018, "PSU_volt": 54.56, "biFF1s_temp": 29.0, "x0_13_v1": 0.9, "x0_13_v2": 1.2, "PSU_power": 789.756, "biFF4n_temp": 34.0, "PIM400_Iout": 1.692, "x0_10_v1": 1.8, "x0_10_v2": 1.8, "x0_10_i1": 0.337, "x0_10_i2": 2.973, "biFF1n_temp": 30.0, "x0_11_v": 0.855, "PIM400_Vin": 53.95, "biFF0n_temp": 30.0, "PIM400_temp": 32.32, "FPGA_X0_temp": 21.18, "x1_13_v1": 0.9, "FPGA_X1_VCCINT": 0.835, "x0_11_i": 1.945, "x1_13_v2": 1.2, "x1_14_i1": 4.672, "X0_power": 7.741875000000001, "x1_14_i2": 1.623, "x0_14_i1": 0.04, "x0_14_i2": 0.022, "X1_power": 47.991440000000004, "x0_14_v1": 1.2, "x1_11_i": 29.156, "x0_14_v2": 0.9, "x1_14_v1": 1.199, "x1_14_v2": 0.9, "biFF5n_temp": 27.0, "x1_13_i1": 1.891, "x1_13_i2": 7.031, "FPGA_X0_VCCINT": 0.853, "biFF3n_temp": 30.0}, "X165535": {"FPGA_X1_temp": 57.488, "biFF2n_temp": 31.0, "x1_10_i1": 0.469, "biFF0s_temp": 28.0, "x1_10_i2": 2.836, "biFF2s_temp": 29.0, "x1_10_v1": 1.8, "x1_10_v2": 1.801, "biFF4s_temp": 28.0, "biFF3s_temp": 30.0, "biFF5s_temp": 29.0, "x0_13_i1": 0.034, "x1_11_v": 0.853, "x0_13_i2": 0.021, "PSU_volt": 54.56, "biFF1s_temp": 29.0, "x0_13_v1": 0.9, "x0_13_v2": 1.2, "PSU_power": 807.488, "biFF4n_temp": 35.0, "PIM400_Iout": 2.162, "x0_10_v1": 1.8, "x0_10_v2": 1.8, "x0_10_i1": 0.334, "x0_10_i2": 2.973, "biFF1n_temp": 30.0, "x0_11_v": 0.854, "PIM400_Vin": 53.95, "biFF0n_temp": 31.0, "PIM400_temp": 32.32, "FPGA_X0_temp": 21.18, "x1_13_v1": 0.9, "FPGA_X1_VCCINT": 0.829, "x0_11_i": 1.93, "x1_13_v2": 1.2, "x1_14_i1": 4.672, "X0_power": 7.72532, "x1_14_i2": 1.568, "x0_14_i1": 0.043, "x0_14_i2": 0.019, "X1_power": 66.66112199999998, "x0_14_v1": 1.2,