{"on": {"FPGA_X1_temp": 20.682, "biFF2n_temp": 28.0, "x1_10_i1": 0.361, "biFF0s_temp": 27.0, "x1_10_i2": 2.855, "biFF2s_temp": 28.0, "x1_10_v1": 1.8, "x1_10_v2": 1.8, "biFF4s_temp": 27.0, "biFF3s_temp": 29.0, "biFF5s_temp": 28.0, "x0_13_i1": 0.033, "x1_11_v": 0.852, "x0_13_i2": 0.017, "PSU_volt": 54.56, "biFF1s_temp": 28.0, "x0_13_v1": 0.901, "x0_13_v2": 1.2, "PSU_power": 731.104, "biFF4n_temp": 31.0, "PIM400_Iout": 0.846, "x0_10_v1": 1.8, "x0_10_v2": 1.8, "x0_10_i1": 0.339, "x0_10_i2": 2.973, "biFF1n_temp": 27.0, "x0_11_v": 0.855, "PIM400_Vin": 53.95, "biFF0n_temp": 28.0, "PIM400_temp": 30.36, "FPGA_X0_temp": 20.185, "x1_13_v1": 0.9, "FPGA_X1_VCCINT": 0.85, "x0_11_i": 6.258, "x1_13_v2": 1.2, "x1_14_i1": 0.008, "X0_power": 11.401023, "x1_14_i2": 0.01, "x0_14_i1": 0.015, "x0_14_i2": 0.023, "X1_power": 5.92698, "x0_14_v1": 1.2, "x1_11_i": 0.09, "x0_14_v2": 0.9, "x1_14_v1": 1.2, "x1_14_v2": 0.9, "biFF5n_temp": 25.0, "x1_13_i1": 0.033, "x1_13_i2": 0.011, "FPGA_X0_VCCINT": 0.853, "biFF3n_temp": 27.0}, "X065535": {"FPGA_X1_temp": 72.409, "biFF2n_temp": 32.0, "x1_10_i1": 0.466, "biFF0s_temp": 28.0, "x1_10_i2": 2.961, "biFF2s_temp": 30.0, "x1_10_v1": 1.8, "x1_10_v2": 1.8, "biFF4s_temp": 29.0, "biFF3s_temp": 31.0, "biFF5s_temp": 29.0, "x0_13_i1": 4.094, "x1_11_v": 0.852, "x0_13_i2": 8.141, "PSU_volt": 54.56, "biFF1s_temp": 29.0, "x0_13_v1": 0.9, "x0_13_v2": 1.2, "PSU_power": 939.796, "biFF4n_temp": 36.0, "PIM400_Iout": 4.23, "x0_10_v1": 1.8, "x0_10_v2": 1.8, "x0_10_i1": 0.441, "x0_10_i2": 3.086, "biFF1n_temp": 31.0, "x0_11_v": 0.855, "PIM400_Vin": 53.95, "biFF0n_temp": 32.0, "PIM400_temp": 30.36, "FPGA_X0_temp": 66.938, "x1_13_v1": 0.9, "FPGA_X1_VCCINT": 0.823, "x0_11_i": 70.875, "x1_13_v2": 1.2, "x1_14_i1": 3.953, "X0_power": 88.158225, "x1_14_i2": 3.367, "x0_14_i1": 3.992, "x0_14_i2": 3.297, "X1_power": 80.39847599999999, "x0_14_v1": 1.2, "x1_11_i": 62.438, "x0_14_v2": 0.9, "x1_14_v1": 1.2, "x1_14_v2": 0.9, "biFF5n_temp": 28.0, "x1_13_i1": 4.148, "x1_13_i2": 7.938, "FPGA_X0_VCCINT": 0.823, "biFF3n_temp": 31.0}, "off": {"PIM400_Iout": 0.376, "biFF2n_temp": 28.0, "x1_10_i1": 0.006, "biFF0s_temp": 26.0, "x1_10_i2": 0.001, "biFF2s_temp": 27.0, "x1_10_v1": 0.349, "x1_10_v2": 0.711, "biFF4s_temp": 26.0, "biFF3s_temp": 29.0, "biFF5s_temp": 27.0, "x0_13_i1": 0.004, "x1_11_v": 0.0, "x0_13_i2": 0.0, "PSU_volt": 54.56, "biFF1s_temp": 27.0, "x0_13_v1": 0.018, "x0_13_v2": 0.966, "PSU_power": 705.188, "biFF4n_temp": 31.0, "x0_10_v1": 0.367, "x0_10_v2": 0.72, "x0_10_i1": 0.005, "x0_10_i2": 0.006, "biFF1n_temp": 27.0, "x0_11_v": 0.001, "PIM400_Vin": 54.27, "biFF0n_temp": 28.0, "PIM400_temp": 30.36, "x1_13_v1": 0.026, "x0_11_i": 0.0, "x1_13_v2": 0.985, "x1_14_i1": 0.005, "X0_power": 0.006584, "x1_14_i2": 0.002, "x0_14_i1": 0.001, "x0_14_i2": 0.007, "X1_power": 0.004135999999999999, "x0_14_v1": 0.259, "x1_11_i": 0.0, "x0_14_v2": 0.014, "x1_14_v1": 0.251, "x1_14_v2": 0.025, "biFF5n_temp": 25.0, "x1_13_i1": 0.001, "x1_13_i2": 0.0, "biFF3n_temp": 27.0}, "X04095": {"FPGA_X1_temp": 71.415, "biFF2n_temp": 31.0, "x1_10_i1": 0.466, "biFF0s_temp": 28.0, "x1_10_i2": 2.953, "biFF2s_temp": 30.0, "x1_10_v1": 1.8, "x1_10_v2": 1.801, "biFF4s_temp": 29.0, "biFF3s_temp": 31.0, "biFF5s_temp": 29.0, "x0_13_i1": 4.055, "x1_11_v": 0.852, "x0_13_i2": 8.156, "PSU_volt": 54.56, "biFF1s_temp": 29.0, "x0_13_v1": 0.9, "x0_13_v2": 1.2, "PSU_power": 919.336, "biFF4n_temp": 36.0, "PIM400_Iout": 3.948, "x0_10_v1": 1.8, "x0_10_v2": 1.8, "x0_10_i1": 0.441, "x0_10_i2": 3.09, "biFF1n_temp": 31.0, "x0_11_v": 0.855, "PIM400_Vin": 53.95, "biFF0n_temp": 32.0, "PIM400_temp": 30.36, "FPGA_X0_temp": 60.97, "x1_13_v1": 0.901, "FPGA_X1_VCCINT": 0.823, "x0_11_i": 59.875, "x1_13_v2": 1.2, "x1_14_i1": 3.945, "X0_power": 78.73372499999999, "x1_14_i2": 3.363, "x0_14_i1": 3.996, "x0_14_i2": 3.281, "X1_power": 80.424494, "x0_14_v1": 1.2, "x1_11_i": 62.5, "x0_14_v2": 0.9, "x1_14_v1": 1.2, "x1_14_v2": 0.9, "biFF5n_temp": 28.0, "x1_13_i1": 4.141, "x1_13_i2": 7.938, "FPGA_X0_VCCINT": 0.829, "biFF3n_temp": 31.0}, "X0255": {"FPGA_X1_temp": 69.923, "biFF2n_temp": 31.0, "x1_10_i1": 0.467, "biFF0s_temp": 27.0, "x1_10_i2": 2.957, "biFF2s_temp": 29.0, "x1_10_v1": 1.8, "x1_10_v2": 1.801, "biFF4s_temp": 28.0, "biFF3s_temp": 31.0, "biFF5s_temp": 29.0, "x0_13_i1": 4.055, "x1_11_v": 0.852, "x0_13_i2": 8.156, "PSU_volt": 54.56, "biFF1s_temp": 29.0, "x0_13_v1": 0.9, "x0_13_v2": 1.2, "PSU_power": 905.6960000000001, "biFF4n_temp": 35.0, "PIM400_Iout": 3.76, "x0_10_v1": 1.8, "x0_10_v2": 1.8, "x0_10_i1": 0.444, "x0_10_i2": 3.09, "biFF1n_temp": 30.0, "x0_11_v": 0.855, "PIM400_Vin": 53.95, "biFF0n_temp": 31.0, "PIM400_temp": 30.36, "FPGA_X0_temp": 54.006, "x1_13_v1": 0.9, "FPGA_X1_VCCINT": 0.823, "x0_11_i": 47.5, "x1_13_v2": 1.2, "x1_14_i1": 3.945, "X0_power": 68.14139999999999, "x1_14_i2": 3.359, "x0_14_i1": 3.996, "x0_14_i2": 3.262, "X1_power": 80.082257, "x0_14_v1": 1.2, "x1_11_i": 62.125, "x0_14_v2": 0.9, "x1_14_v1": 1.2, "x1_14_v2": 0.9, "biFF5n_temp": 27.0, "x1_13_i1": 4.125, "x1_13_i2": 7.93, "FPGA_X0_VCCINT": 0.835, "biFF3n_temp": 30.0}, "X14095": {"FPGA_X1_temp": 57.985, "biFF2n_temp": 29.0, "x1_10_i1": 0.465, "biFF0s_temp": 26.0, "x1_10_i2": 2.957, "biFF2s_temp": 28.0, "x1_10_v1": 1.8, "x1_10_v2": 1.8, "biFF4s_temp": 27.0, "biFF3s_temp": 29.0, "biFF5s_temp": 27.0, "x0_13_i1": 0.034, "x1_11_v": 0.852, "x0_13_i2": 0.016, "PSU_volt": 54.56, "biFF1s_temp": 27.0, "x0_13_v1": 0.9, "x0_13_v2": 1.2, "PSU_power": 814.308, "biFF4n_temp": 33.0, "PIM400_Iout": 2.256, "x0_10_v1": 1.8, "x0_10_v2": 1.8, "x0_10_i1": 0.336, "x0_10_i2": 2.973, "biFF1n_temp": 29.0, "x0_11_v": 0.855, "PIM400_Vin": 53.95, "biFF0n_temp": 30.0, "PIM400_temp": 30.36, "FPGA_X0_temp": 20.185, "x1_13_v1": 0.9, "FPGA_X1_VCCINT": 0.829, "x0_11_i": 6.125, "x1_13_v2": 1.2, "x1_14_i1": 3.949, "X0_power": 11.307974999999999, "x1_14_i2": 3.273, "x0_14_i1": 0.04, "x0_14_i2": 0.019, "X1_power": 69.884975, "x0_14_v1": 1.2, "x1_11_i": 50.312, "x0_14_v2": 0.9, "x1_14_v1": 1.199, "x1_14_v2": 0.9, "biFF5n_temp": 26.0, "x1_13_i1": 4.102, "x1_13_i2": 7.906, "FPGA_X0_VCCINT": 0.853, "biFF3n_temp": 29.0}, "X1255": {"FPGA_X1_temp": 51.52, "biFF2n_temp": 29.0, "x1_10_i1": 0.465, "biFF0s_temp": 27.0, "x1_10_i2": 2.965, "biFF2s_temp": 28.0, "x1_10_v1": 1.8, "x1_10_v2": 1.8, "biFF4s_temp": 26.0, "biFF3s_temp": 29.0, "biFF5s_temp": 27.0, "x0_13_i1": 0.031, "x1_11_v": 0.852, "x0_13_i2": 0.012, "PSU_volt": 54.56, "biFF1s_temp": 28.0, "x0_13_v1": 0.901, "x0_13_v2": 1.2, "PSU_power": 800.6680000000001, "biFF4n_temp": 33.0, "PIM400_Iout": 2.068, "x0_10_v1": 1.8, "x0_10_v2": 1.8, "x0_10_i1": 0.337, "x0_10_i2": 2.969, "biFF1n_temp": 29.0, "x0_11_v": 0.855, "PIM400_Vin": 53.95, "biFF0n_temp": 29.0, "PIM400_temp": 32.32, "FPGA_X0_temp": 19.687, "x1_13_v1": 0.9, "FPGA_X1_VCCINT": 0.835, "x0_11_i": 6.188, "x1_13_v2": 1.2, "x1_14_i1": 3.941, "X0_power": 11.357371, "x1_14_i2": 3.262, "x0_14_i1": 0.044, "x0_14_i2": 0.023, "X1_power": 59.611799999999995, "x0_14_v1": 1.2, "x1_11_i": 38.25, "x0_14_v2": 0.9, "x1_14_v1": 1.2, "x1_14_v2": 0.9, "biFF5n_temp": 26.0, "x1_13_i1": 4.086, "x1_13_i2": 7.922, "FPGA_X0_VCCINT": 0.85, "biFF3n_temp": 28.0}, "X165535": {"FPGA_X1_temp": 63.457, "biFF2n_temp": 30.0, "x1_10_i1": 0.464, "biFF0s_temp": 26.0, "x1_10_i2": 2.953, "biFF2s_temp": 28.0, "x1_10_v1": 1.8, "x1_10_v2": 1.801, "biFF4s_temp": 27.0, "biFF3s_temp": 29.0, "biFF5s_temp": 27.0, "x0_13_i1": 0.034, "x1_11_v": 0.853, "x0_13_i2": 0.016, "PSU_volt": 54.56, "biFF1s_temp": 28.0, "x0_13_v1": 0.899, "x0_13_v2": 1.2, "PSU_power": 829.3120000000001, "biFF4n_temp": 34.0, "PIM400_Iout": 2.444, "x0_10_v1": 1.8, "x0_10_v2": 1.8, "x0_10_i1": 0.334, "x0_10_i2": 2.969, "biFF1n_temp": 29.0, "x0_11_v": 0.856, "PIM400_Vin": 53.95, "biFF0n_temp": 30.0, "PIM400_temp": 30.36, "FPGA_X0_temp": 20.185, "x1_13_v1": 0.9, "FPGA_X1_VCCINT": 0.826, "x0_11_i": 6.117, "x1_13_v2": 1.2, "x1_14_i1": 3.941, "X0_power": 11.306618, "x1_14_i2": 3.285, "x0_14_i1": 0.044, "x0_14_i2": 0.025, "X1_power": 79.084812, "x0_14_v1": 1.2, "x1_11_i": 61.0, "x0_14_v2": 0.9,