{"on": {"FPGA_X1_temp": 19.687, "biFF2n_temp": 28.0, "x1_10_i1": 0.363, "biFF0s_temp": 25.0, "x1_10_i2": 2.852, "biFF2s_temp": 29.0, "x1_10_v1": 1.8, "x1_10_v2": 1.8, "biFF4s_temp": 26.0, "biFF3s_temp": 29.0, "biFF5s_temp": 26.0, "x0_13_i1": 0.038, "x1_11_v": 0.851, "x0_13_i2": 0.011, "PSU_volt": 54.48, "biFF1s_temp": 27.0, "x0_13_v1": 0.9, "x0_13_v2": 1.199, "PSU_power": 608.814, "biFF4n_temp": 30.0, "PIM400_Iout": 0.846, "x0_10_v1": 1.801, "x0_10_v2": 1.8, "x0_10_i1": 0.333, "x0_10_i2": 2.969, "biFF1n_temp": 27.0, "x0_11_v": 0.854, "PIM400_Vin": 53.95, "biFF0n_temp": 28.0, "PIM400_temp": 28.4, "FPGA_X0_temp": 19.19, "x1_13_v1": 0.901, "FPGA_X1_VCCINT": 0.85, "x0_11_i": 1.941, "x1_13_v2": 1.2, "x1_14_i1": 0.008, "X0_power": 7.6834359999999995, "x1_14_i2": 0.013, "x0_14_i1": 0.013, "x0_14_i2": 0.021, "X1_power": 5.9402289999999995, "x0_14_v1": 1.2, "x1_11_i": 0.094, "x0_14_v2": 0.9, "x1_14_v1": 1.2, "x1_14_v2": 0.9, "biFF5n_temp": 25.0, "x1_13_i1": 0.035, "x1_13_i2": 0.017, "FPGA_X0_VCCINT": 0.853, "biFF3n_temp": 27.0}, "X065535": {"FPGA_X1_temp": 70.917, "biFF2n_temp": 32.0, "x1_10_i1": 0.465, "biFF0s_temp": 26.0, "x1_10_i2": 2.965, "biFF2s_temp": 31.0, "x1_10_v1": 1.8, "x1_10_v2": 1.8, "biFF4s_temp": 28.0, "biFF3s_temp": 30.0, "biFF5s_temp": 28.0, "x0_13_i1": 4.086, "x1_11_v": 0.853, "x0_13_i2": 8.172, "PSU_volt": 54.48, "biFF1s_temp": 28.0, "x0_13_v1": 0.9, "x0_13_v2": 1.2, "PSU_power": 824.01, "biFF4n_temp": 35.0, "PIM400_Iout": 4.23, "x0_10_v1": 1.8, "x0_10_v2": 1.8, "x0_10_i1": 0.445, "x0_10_i2": 3.086, "biFF1n_temp": 30.0, "x0_11_v": 0.856, "PIM400_Vin": 53.95, "biFF0n_temp": 31.0, "PIM400_temp": 30.36, "FPGA_X0_temp": 66.441, "x1_13_v1": 0.9, "FPGA_X1_VCCINT": 0.823, "x0_11_i": 66.5, "x1_13_v2": 1.2, "x1_14_i1": 3.938, "X0_power": 84.52369999999999, "x1_14_i2": 3.305, "x0_14_i1": 4.0, "x0_14_i2": 3.289, "X1_power": 79.954786, "x0_14_v1": 1.2, "x1_11_i": 62.062, "x0_14_v2": 0.9, "x1_14_v1": 1.2, "x1_14_v2": 0.9, "biFF5n_temp": 28.0, "x1_13_i1": 4.102, "x1_13_i2": 7.875, "FPGA_X0_VCCINT": 0.826, "biFF3n_temp": 30.0}, "off": {"PIM400_Iout": 0.376, "biFF2n_temp": 20.0, "x1_10_i1": 0.009, "biFF0s_temp": 18.0, "x1_10_i2": 0.002, "biFF2s_temp": 19.0, "x1_10_v1": 0.052, "x1_10_v2": 0.542, "biFF4s_temp": 19.0, "biFF3s_temp": 21.0, "biFF5s_temp": 19.0, "x0_13_i1": 0.007, "x1_11_v": 0.0, "x0_13_i2": 0.002, "PSU_volt": 54.48, "biFF1s_temp": 19.0, "x0_13_v1": 0.018, "x0_13_v2": 0.968, "PSU_power": 587.0219999999999, "biFF4n_temp": 21.0, "x0_10_v1": 0.052, "x0_10_v2": 0.523, "x0_10_i1": 0.001, "x0_10_i2": 0.0, "biFF1n_temp": 20.0, "x0_11_v": 0.001, "PIM400_Vin": 53.95, "biFF0n_temp": 20.0, "PIM400_temp": 28.4, "x1_13_v1": 0.027, "x0_11_i": 0.0, "x1_13_v2": 0.987, "x1_14_i1": 0.002, "X0_power": 0.002201, "x1_14_i2": 0.002, "x0_14_i1": 0.005, "x0_14_i2": 0.003, "X1_power": 0.0037610000000000005, "x0_14_v1": 0.009, "x1_11_i": 0.0, "x0_14_v2": 0.014, "x1_14_v1": 0.025, "x1_14_v2": 0.025, "biFF5n_temp": 18.0, "x1_13_i1": 0.005, "x1_13_i2": 0.002, "biFF3n_temp": 19.0}, "X04095": {"FPGA_X1_temp": 69.425, "biFF2n_temp": 31.0, "x1_10_i1": 0.463, "biFF0s_temp": 26.0, "x1_10_i2": 2.957, "biFF2s_temp": 31.0, "x1_10_v1": 1.8, "x1_10_v2": 1.8, "biFF4s_temp": 27.0, "biFF3s_temp": 30.0, "biFF5s_temp": 28.0, "x0_13_i1": 4.062, "x1_11_v": 0.851, "x0_13_i2": 8.156, "PSU_volt": 54.48, "biFF1s_temp": 28.0, "x0_13_v1": 0.9, "x0_13_v2": 1.2, "PSU_power": 814.476, "biFF4n_temp": 35.0, "PIM400_Iout": 3.948, "x0_10_v1": 1.8, "x0_10_v2": 1.8, "x0_10_i1": 0.443, "x0_10_i2": 3.082, "biFF1n_temp": 30.0, "x0_11_v": 0.855, "PIM400_Vin": 53.95, "biFF0n_temp": 31.0, "PIM400_temp": 30.36, "FPGA_X0_temp": 60.472, "x1_13_v1": 0.9, "FPGA_X1_VCCINT": 0.823, "x0_11_i": 54.188, "x1_13_v2": 1.2, "x1_14_i1": 3.938, "X0_power": 73.870602, "x1_14_i2": 3.297, "x0_14_i1": 4.008, "x0_14_i2": 3.27, "X1_power": 79.895888, "x0_14_v1": 1.199, "x1_11_i": 62.188, "x0_14_v2": 0.901, "x1_14_v1": 1.2, "x1_14_v2": 0.9, "biFF5n_temp": 28.0, "x1_13_i1": 4.094, "x1_13_i2": 7.867, "FPGA_X0_VCCINT": 0.829, "biFF3n_temp": 30.0}, "X0255": {"FPGA_X1_temp": 68.43, "biFF2n_temp": 31.0, "x1_10_i1": 0.469, "biFF0s_temp": 25.0, "x1_10_i2": 2.957, "biFF2s_temp": 30.0, "x1_10_v1": 1.8, "x1_10_v2": 1.8, "biFF4s_temp": 27.0, "biFF3s_temp": 30.0, "biFF5s_temp": 28.0, "x0_13_i1": 4.047, "x1_11_v": 0.852, "x0_13_i2": 8.172, "PSU_volt": 54.48, "biFF1s_temp": 27.0, "x0_13_v1": 0.9, "x0_13_v2": 1.199, "PSU_power": 792.684, "biFF4n_temp": 34.0, "PIM400_Iout": 3.666, "x0_10_v1": 1.8, "x0_10_v2": 1.8, "x0_10_i1": 0.441, "x0_10_i2": 3.078, "biFF1n_temp": 30.0, "x0_11_v": 0.855, "PIM400_Vin": 53.95, "biFF0n_temp": 31.0, "PIM400_temp": 30.36, "FPGA_X0_temp": 53.012, "x1_13_v1": 0.9, "FPGA_X1_VCCINT": 0.826, "x0_11_i": 41.5, "x1_13_v2": 1.199, "x1_14_i1": 3.941, "X0_power": 62.993028, "x1_14_i2": 3.297, "x0_14_i1": 4.0, "x0_14_i2": 3.262, "X1_power": 79.896533, "x0_14_v1": 1.2, "x1_11_i": 62.125, "x0_14_v2": 0.9, "x1_14_v1": 1.2, "x1_14_v2": 0.9, "biFF5n_temp": 27.0, "x1_13_i1": 4.078, "x1_13_i2": 7.867, "FPGA_X0_VCCINT": 0.835, "biFF3n_temp": 29.0}, "X14095": {"FPGA_X1_temp": 56.493, "biFF2n_temp": 30.0, "x1_10_i1": 0.46, "biFF0s_temp": 25.0, "x1_10_i2": 2.961, "biFF2s_temp": 29.0, "x1_10_v1": 1.8, "x1_10_v2": 1.8, "biFF4s_temp": 26.0, "biFF3s_temp": 29.0, "biFF5s_temp": 27.0, "x0_13_i1": 0.036, "x1_11_v": 0.852, "x0_13_i2": 0.017, "PSU_volt": 54.48, "biFF1s_temp": 27.0, "x0_13_v1": 0.9, "x0_13_v2": 1.2, "PSU_power": 697.344, "biFF4n_temp": 33.0, "PIM400_Iout": 2.256, "x0_10_v1": 1.8, "x0_10_v2": 1.8, "x0_10_i1": 0.333, "x0_10_i2": 2.965, "biFF1n_temp": 29.0, "x0_11_v": 0.855, "PIM400_Vin": 53.95, "biFF0n_temp": 30.0, "PIM400_temp": 32.32, "FPGA_X0_temp": 18.693, "x1_13_v1": 0.9, "FPGA_X1_VCCINT": 0.829, "x0_11_i": 1.943, "x1_13_v2": 1.2, "x1_14_i1": 3.938, "X0_power": 7.718565000000001, "x1_14_i2": 3.188, "x0_14_i1": 0.041, "x0_14_i2": 0.021, "X1_power": 69.525, "x0_14_v1": 1.2, "x1_11_i": 50.125, "x0_14_v2": 0.9, "x1_14_v1": 1.2, "x1_14_v2": 0.9, "biFF5n_temp": 26.0, "x1_13_i1": 4.039, "x1_13_i2": 7.859, "FPGA_X0_VCCINT": 0.853, "biFF3n_temp": 28.0}, "X1255": {"FPGA_X1_temp": 50.027, "biFF2n_temp": 30.0, "x1_10_i1": 0.465, "biFF0s_temp": 25.0, "x1_10_i2": 2.953, "biFF2s_temp": 29.0, "x1_10_v1": 1.8, "x1_10_v2": 1.8, "biFF4s_temp": 26.0, "biFF3s_temp": 29.0, "biFF5s_temp": 26.0, "x0_13_i1": 0.034, "x1_11_v": 0.852, "x0_13_i2": 0.019, "PSU_volt": 54.48, "biFF1s_temp": 27.0, "x0_13_v1": 0.9, "x0_13_v2": 1.2, "PSU_power": 681.0, "biFF4n_temp": 32.0, "PIM400_Iout": 1.974, "x0_10_v1": 1.8, "x0_10_v2": 1.8, "x0_10_i1": 0.332, "x0_10_i2": 2.973, "biFF1n_temp": 28.0, "x0_11_v": 0.855, "PIM400_Vin": 53.95, "biFF0n_temp": 29.0, "PIM400_temp": 30.36, "FPGA_X0_temp": 18.693, "x1_13_v1": 0.9, "FPGA_X1_VCCINT": 0.832, "x0_11_i": 1.939, "x1_13_v2": 1.2, "x1_14_i1": 3.926, "X0_power": 7.728045, "x1_14_i2": 3.18, "x0_14_i1": 0.046, "x0_14_i2": 0.014, "X1_power": 59.487, "x0_14_v1": 1.2, "x1_11_i": 38.375, "x0_14_v2": 0.9, "x1_14_v1": 1.2, "x1_14_v2": 0.9, "biFF5n_temp": 26.0, "x1_13_i1": 4.039, "x1_13_i2": 7.859, "FPGA_X0_VCCINT": 0.853, "biFF3n_temp": 28.0}, "X165535": {"FPGA_X1_temp": 61.467, "biFF2n_temp": 30.0, "x1_10_i1": 0.467, "biFF0s_temp": 25.0, "x1_10_i2": 2.957, "biFF2s_temp": 29.0, "x1_10_v1": 1.8, "x1_10_v2": 1.8, "biFF4s_temp": 26.0, "biFF3s_temp": 28.0, "biFF5s_temp": 27.0, "x0_13_i1": 0.036, "x1_11_v": 0.852, "x0_13_i2": 0.01, "PSU_volt": 54.48, "biFF1s_temp": 26.0, "x0_13_v1": 0.9, "x0_13_v2": 1.2, "PSU_power": 716.412, "biFF4n_temp": 33.0, "PIM400_Iout": 2.444, "x0_10_v1": 1.8, "x0_10_v2": 1.8, "x0_10_i1": 0.337, "x0_10_i2": 2.973, "biFF1n_temp": 29.0, "x0_11_v": 0.855, "PIM400_Vin": 53.95, "biFF0n_temp": 30.0, "PIM400_temp": 30.36, "FPGA_X0_temp": 19.19, "x1_13_v1": 0.9, "FPGA_X1_VCCINT": 0.823, "x0_11_i": 1.945, "x1_13_v2": 1.199, "x1_14_i1": 3.93, "X0_power": 7.740975, "x1_14_i2": 3.207, "x0_14_i1": 0.048, "x0_14_i2": 0.02, "X1_power": 78.812656, "x0_14_v1": 1.2, "x1_11_i": 61.0, "x0_14_v2": 0.9, "x1_14_v1": 1.2, "x1_14_v2": 0.9,