{"on": {"x1_10_i1": 0.36, "x1_10_i2": 2.848, "x1_10_v1": 1.8, "x1_10_v2": 1.8, "x0_13_i1": 0.036, "x1_11_v": 0.853, "x0_13_i2": 0.014, "PSU_volt": 54.56, "x0_13_v1": 0.9, "x0_13_v2": 1.2, "PSU_power": 785.6640000000001, "FPGA_X1_temp": 22.174, "x0_10_v1": 1.8, "x0_10_v2": 1.8, "x0_10_i1": 0.329, "x0_10_i2": 2.973, "x0_11_v": 0.855, "FPGA_X0_temp": 21.677, "x1_13_v1": 0.9, "FPGA_X1_VCCINT": 0.85, "x0_11_i": 1.934, "x1_13_v2": 1.2, "x1_14_i1": 0.01, "X0_power": 7.678470000000001, "x1_14_i2": 0.013, "x0_14_i1": 0.011, "x0_14_i2": 0.021, "X1_power": 5.934054999999999, "x0_14_v1": 1.2, "x1_11_i": 0.114, "x0_14_v2": 0.9, "x1_14_v1": 1.2, "x1_14_v2": 0.901, "x1_13_i1": 0.031, "x1_13_i2": 0.009, "FPGA_X0_VCCINT": 0.853}, "X065535": {"x1_10_i1": 0.467, "x1_10_i2": 2.957, "x1_10_v1": 1.8, "x1_10_v2": 1.8, "x0_13_i1": 4.109, "x1_11_v": 0.852, "x0_13_i2": 8.172, "PSU_volt": 54.56, "x0_13_v1": 0.9, "x0_13_v2": 1.2, "PSU_power": 1005.2680000000001, "FPGA_X1_temp": 73.404, "x0_10_v1": 1.8, "x0_10_v2": 1.8, "x0_10_i1": 0.442, "x0_10_i2": 3.09, "x0_11_v": 0.855, "FPGA_X0_temp": 68.928, "x1_13_v1": 0.9, "FPGA_X1_VCCINT": 0.823, "x0_11_i": 66.0, "x1_13_v2": 1.199, "x1_14_i1": 3.949, "X0_power": 84.07889999999999, "x1_14_i2": 3.355, "x0_14_i1": 3.996, "x0_14_i2": 3.324, "X1_power": 80.43530199999998, "x0_14_v1": 1.2, "x1_11_i": 62.562, "x0_14_v2": 0.9, "x1_14_v1": 1.2, "x1_14_v2": 0.9, "x1_13_i1": 4.125, "x1_13_i2": 7.922, "FPGA_X0_VCCINT": 0.823}, "off": {"x1_10_i1": 0.004, "x1_10_i2": 0.003, "x1_10_v1": 0.345, "x1_10_v2": 0.709, "x0_13_i1": 0.001, "x1_11_v": 0.0, "x0_13_i2": 0.003, "PSU_volt": 54.56, "x0_13_v1": 0.018, "x0_13_v2": 0.965, "PSU_power": 761.1120000000001, "x0_10_v1": 0.341, "x0_10_v2": 0.709, "x0_10_i1": 0.005, "x0_10_i2": 0.006, "x0_11_v": 0.001, "x1_13_v1": 0.026, "x0_11_i": 0.0, "x1_13_v2": 0.984, "x1_14_i1": 0.004, "X0_power": 0.009629, "x1_14_i2": 0.001, "x0_14_i1": 0.003, "x0_14_i2": 0.005, "X1_power": 0.005518, "x0_14_v1": 0.229, "x1_11_i": 0.0, "x0_14_v2": 0.014, "x1_14_v1": 0.231, "x1_14_v2": 0.025, "x1_13_i1": 0.003, "x1_13_i2": 0.001}, "X04095": {"x1_10_i1": 0.463, "x1_10_i2": 2.961, "x1_10_v1": 1.801, "x1_10_v2": 1.8, "x0_13_i1": 4.078, "x1_11_v": 0.852, "x0_13_i2": 8.172, "PSU_volt": 54.56, "x0_13_v1": 0.9, "x0_13_v2": 1.2, "PSU_power": 997.084, "FPGA_X1_temp": 72.409, "x0_10_v1": 1.8, "x0_10_v2": 1.8, "x0_10_i1": 0.439, "x0_10_i2": 3.09, "x0_11_v": 0.855, "FPGA_X0_temp": 63.457, "x1_13_v1": 0.9, "FPGA_X1_VCCINT": 0.823, "x0_11_i": 54.75, "x1_13_v2": 1.2, "x1_14_i1": 3.953, "X0_power": 74.41936199999999, "x1_14_i2": 3.348, "x0_14_i1": 3.996, "x0_14_i2": 3.312, "X1_power": 80.398963, "x0_14_v1": 1.2, "x1_11_i": 62.5, "x0_14_v2": 0.901, "x1_14_v1": 1.2, "x1_14_v2": 0.9, "x1_13_i1": 4.125, "x1_13_i2": 7.93, "FPGA_X0_VCCINT": 0.829}, "X0255": {"x1_10_i1": 0.465, "x1_10_i2": 2.961, "x1_10_v1": 1.801, "x1_10_v2": 1.8, "x0_13_i1": 4.094, "x1_11_v": 0.851, "x0_13_i2": 8.172, "PSU_volt": 54.56, "x0_13_v1": 0.9, "x0_13_v2": 1.2, "PSU_power": 976.624, "FPGA_X1_temp": 71.912, "x0_10_v1": 1.8, "x0_10_v2": 1.8, "x0_10_i1": 0.438, "x0_10_i2": 3.09, "x0_11_v": 0.855, "FPGA_X0_temp": 55.996, "x1_13_v1": 0.9, "FPGA_X1_VCCINT": 0.823, "x0_11_i": 41.375, "x1_13_v2": 1.2, "x1_14_i1": 3.953, "X0_power": 62.984018000000006, "x1_14_i2": 3.344, "x0_14_i1": 4.0, "x0_14_i2": 3.293, "X1_power": 80.341265, "x0_14_v1": 1.2, "x1_11_i": 62.5, "x0_14_v2": 0.901, "x1_14_v1": 1.2, "x1_14_v2": 0.9, "x1_13_i1": 4.141, "x1_13_i2": 7.922, "FPGA_X0_VCCINT": 0.835}, "X14095": {"x1_10_i1": 0.466, "x1_10_i2": 2.961, "x1_10_v1": 1.801, "x1_10_v2": 1.8, "x0_13_i1": 0.031, "x1_11_v": 0.852, "x0_13_i2": 0.016, "PSU_volt": 54.56, "x0_13_v1": 0.9, "x0_13_v2": 1.2, "PSU_power": 879.78, "FPGA_X1_temp": 60.472, "x0_10_v1": 1.8, "x0_10_v2": 1.8, "x0_10_i1": 0.329, "x0_10_i2": 2.969, "x0_11_v": 0.856, "FPGA_X0_temp": 22.174, "x1_13_v1": 0.9, "FPGA_X1_VCCINT": 0.829, "x0_11_i": 1.949, "x1_13_v2": 1.2, "x1_14_i1": 3.949, "X0_power": 7.722944, "x1_14_i2": 3.258, "x0_14_i1": 0.045, "x0_14_i2": 0.019, "X1_power": 69.51256599999999, "x0_14_v1": 1.2, "x1_11_i": 49.875, "x0_14_v2": 0.9, "x1_14_v1": 1.2, "x1_14_v2": 0.9, "x1_13_i1": 4.102, "x1_13_i2": 7.906, "FPGA_X0_VCCINT": 0.853}, "X1255": {"x1_10_i1": 0.468, "x1_10_i2": 2.953, "x1_10_v1": 1.8, "x1_10_v2": 1.8, "x0_13_i1": 0.035, "x1_11_v": 0.852, "x0_13_i2": 0.015, "PSU_volt": 54.56, "x0_13_v1": 0.9, "x0_13_v2": 1.2, "PSU_power": 859.32, "FPGA_X1_temp": 54.006, "x0_10_v1": 1.8, "x0_10_v2": 1.8, "x0_10_i1": 0.329, "x0_10_i2": 2.973, "x0_11_v": 0.855, "FPGA_X0_temp": 22.672, "x1_13_v1": 0.901, "FPGA_X1_VCCINT": 0.832, "x0_11_i": 1.992, "x1_13_v2": 1.2, "x1_14_i1": 3.949, "X0_power": 7.761660000000001, "x1_14_i2": 3.246, "x0_14_i1": 0.041, "x0_14_i2": 0.018, "X1_power": 59.499509, "x0_14_v1": 1.2, "x1_11_i": 38.125, "x0_14_v2": 0.9, "x1_14_v1": 1.2, "x1_14_v2": 0.9, "x1_13_i1": 4.109, "x1_13_i2": 7.914, "FPGA_X0_VCCINT": 0.853}, "X165535": {"x1_10_i1": 0.463, "x1_10_i2": 2.957, "x1_10_v1": 1.8, "x1_10_v2": 1.8, "x0_13_i1": 0.032, "x1_11_v": 0.852, "x0_13_i2": 0.018, "PSU_volt": 54.56, "x0_13_v1": 0.9, "x0_13_v2": 1.2, "PSU_power": 896.148, "FPGA_X1_temp": 65.446, "x0_10_v1": 1.8, "x0_10_v2": 1.8, "x0_10_i1": 0.325, "x0_10_i2": 2.977, "x0_11_v": 0.855, "FPGA_X0_temp": 22.174, "x1_13_v1": 0.9, "FPGA_X1_VCCINT": 0.823, "x0_11_i": 1.994, "x1_13_v2": 1.2, "x1_14_i1": 3.949, "X0_power": 7.767870000000001, "x1_14_i2": 3.273, "x0_14_i1": 0.044, "x0_14_i2": 0.018, "X1_power": 78.52617599999999, "x0_14_v1": 1.2, "x1_11_i": 60.438, "x0_14_v2": 0.9, "x1_14_v1": 1.2, "x1_14_v2": 0.9, "x1_13_i1": 4.117, "x1_13_i2": 7.906, "FPGA_X0_VCCINT": 0.853}, "X10": {"x1_10_i1": 0.488, "x1_10_i2": 2.965, "x1_10_v1": 1.8, "x1_10_v2": 1.8, "x0_13_i1": 0.039, "x1_11_v": 0.852, "x0_13_i2": 0.012, "PSU_volt": 54.56, "x0_13_v1": 0.9, "x0_13_v2": 1.2, "PSU_power": 832.04, "FPGA_X1_temp": 41.075, "x0_10_v1": 1.8, "x0_10_v2": 1.8, "x0_10_i1": 0.326, "x0_10_i2": 2.969, "x0_11_v": 0.855, "FPGA_X0_temp": 22.174, "x1_13_v1": 0.9, "FPGA_X1_VCCINT": 0.844, "x0_11_i": 1.959, "x1_13_v2": 1.2, "x1_14_i1": 3.941, "X0_power": 7.7220450000000005, "x1_14_i2": 3.215, "x0_14_i1": 0.042, "x0_14_i2": 0.018, "X1_power": 38.751468, "x0_14_v1": 1.2, "x1_11_i": 13.859, "x0_14_v2": 0.9, "x1_14_v1": 1.2, "x1_14_v2": 0.9, "x1_13_i1": 4.031, "x1_13_i2": 7.898, "FPGA_X0_VCCINT": 0.853}, "X015": {"x1_10_i1": 0.464, "x1_10_i2": 2.957, "x1_10_v1": 1.8, "x1_10_v2": 1.8, "x0_13_i1": 4.031, "x1_11_v": 0.852, "x0_13_i2": 8.172, "PSU_volt": 54.56, "x0_13_v1": 0.9, "x0_13_v2": 1.2, "PSU_power": 961.62, "FPGA_X1_temp": 69.923, "x0_10_v1": 1.8, "x0_10_v2": 1.8, "x0_10_i1": 0.445, "x0_10_i2": 3.086, "x0_11_v": 0.855, "FPGA_X0_temp": 48.535, "x1_13_v1": 0.9, "FPGA_X1_VCCINT": 0.823, "x0_11_i": 27.375, "x1_13_v2": 1.2, "x1_14_i1": 3.949, "X0_power": 50.95550999999999, "x1_14_i2": 3.348, "x0_14_i1": 4.0, "x0_14_i2": 3.285, "X1_power": 80.424324, "x0_14_v1": 1.2, "x1_11_i": 62.562, "x0_14_v2": 0.901, "x1_14_v1": 1.2, "x1_14_v2": 0.9, "x1_13_i1": 4.117, "x1_13_i2": 7.922, "FPGA_X0_VCCINT": 0.841}, "X00": {"x1_10_i1": 0.465, "x1_10_i2": 2.957, "x1_10_v1": 1.8, "x1_10_v2": 1.8, "x0_13_i1": 4.0, "x1_11_v": 0.852, "x0_13_i2": 8.141, "PSU_volt": 54.56, "x0_13_v1": 0.9, "x0_13_v2": 1.2, "PSU_power": 939.796, "FPGA_X1_temp": 68.928, "x0_10_v1": 1.8, "x0_10_v2": 1.8, "x0_10_i1": 0.452, "x0_10_i2": 3.102, "x0_11_v": 0.855, "FPGA_X0_temp": 41.572, "x1_13_v1": 0.9, "FPGA_X1_VCCINT": 0.823, "x0_11_i": 14.344, "x1_13_v2": 1.2, "x1_14_i1": 3.945, "X0_power": 39.73152, "x1_14_i2": 3.332, "x0_14_i1": 3.98, "x0_14_i2": 3.25, "X1_power": 79.655076, "x0_14_v1": 1.2, "x1_11_i": 61.688, "x0_14_v2": 0.9, "x1_14_v1": 1.2, "x1_14_v2": 0.9, "x1_13_i1": 4.109, "x1_13_i2": 7.922, "FPGA_X0_VCCINT": 0.847}, "X115": {"x1_10_i1": 0.472, "x1_10_i2": 2.949, "x1_10_v1": 1.8, "x1_10_v2": 1.8, "x0_13_i1": 0.032, "x1_11_v": 0.852, "x0_13_i2": 0.017, "PSU_volt": 54.56, "x0_13_v1": 0.9, "x0_13_v2": 1.2, "PSU_power": 838.8600000000001, "FPGA_X1_temp": 46.546,