{"on": {"x1_10_i1": 0.359, "x1_10_i2": 2.844, "x1_10_v1": 1.8, "x1_10_v2": 1.8, "x0_13_i1": 0.039, "x1_11_v": 0.852, "x0_13_i2": 0.013, "PSU_volt": 54.56, "x0_13_v1": 0.9, "x0_13_v2": 1.2, "PSU_power": 788.392, "FPGA_X1_temp": 22.174, "x0_10_v1": 1.8, "x0_10_v2": 1.8, "x0_10_i1": 0.334, "x0_10_i2": 2.973, "x0_11_v": 0.854, "FPGA_X0_temp": 21.677, "x1_13_v1": 0.9, "FPGA_X1_VCCINT": 0.85, "x0_11_i": 1.924, "x1_13_v2": 1.2, "x1_14_i1": 0.01, "X0_power": 7.6763959999999996, "x1_14_i2": 0.016, "x0_14_i1": 0.01, "x0_14_i2": 0.02, "X1_power": 6.024192, "x0_14_v1": 1.2, "x1_11_i": 0.221, "x0_14_v2": 0.9, "x1_14_v1": 1.2, "x1_14_v2": 0.9, "x1_13_i1": 0.033, "x1_13_i2": 0.012, "FPGA_X0_VCCINT": 0.853}, "X065535": {"x1_10_i1": 0.459, "x1_10_i2": 2.961, "x1_10_v1": 1.8, "x1_10_v2": 1.8, "x0_13_i1": 4.078, "x1_11_v": 0.852, "x0_13_i2": 8.172, "PSU_volt": 54.56, "x0_13_v1": 0.9, "x0_13_v2": 1.2, "PSU_power": 1009.36, "FPGA_X1_temp": 68.43, "x0_10_v1": 1.8, "x0_10_v2": 1.8, "x0_10_i1": 0.437, "x0_10_i2": 3.094, "x0_11_v": 0.858, "FPGA_X0_temp": 61.467, "x1_13_v1": 0.9, "FPGA_X1_VCCINT": 0.823, "x0_11_i": 66.25, "x1_13_v2": 1.199, "x1_14_i1": 3.941, "X0_power": 84.4446, "x1_14_i2": 3.367, "x0_14_i1": 3.996, "x0_14_i2": 3.305, "X1_power": 79.621386, "x0_14_v1": 1.2, "x1_11_i": 61.625, "x0_14_v2": 0.9, "x1_14_v1": 1.2, "x1_14_v2": 0.9, "x1_13_i1": 4.125, "x1_13_i2": 7.914, "FPGA_X0_VCCINT": 0.826}, "off": {"x1_10_i1": 0.004, "x1_10_i2": 0.004, "x1_10_v1": 0.357, "x1_10_v2": 0.714, "x0_13_i1": 0.004, "x1_11_v": 0.0, "x0_13_i2": 0.001, "PSU_volt": 54.56, "x0_13_v1": 0.018, "x0_13_v2": 0.964, "PSU_power": 767.932, "x0_10_v1": 0.357, "x0_10_v2": 0.716, "x0_10_i1": 0.002, "x0_10_i2": 0.0, "x0_11_v": 0.001, "x1_13_v1": 0.026, "x0_11_i": 0.0, "x1_13_v2": 0.983, "x1_14_i1": 0.003, "X0_power": 0.00321, "x1_14_i2": 0.001, "x0_14_i1": 0.006, "x0_14_i2": 0.004, "X1_power": 0.007996999999999999, "x0_14_v1": 0.234, "x1_11_i": 0.0, "x0_14_v2": 0.014, "x1_14_v1": 0.238, "x1_14_v2": 0.024, "x1_13_i1": 0.001, "x1_13_i2": 0.003}, "X04095": {"x1_10_i1": 0.459, "x1_10_i2": 2.961, "x1_10_v1": 1.8, "x1_10_v2": 1.8, "x0_13_i1": 4.102, "x1_11_v": 0.853, "x0_13_i2": 8.172, "PSU_volt": 54.56, "x0_13_v1": 0.9, "x0_13_v2": 1.2, "PSU_power": 995.72, "FPGA_X1_temp": 66.938, "x0_10_v1": 1.8, "x0_10_v2": 1.8, "x0_10_i1": 0.436, "x0_10_i2": 3.082, "x0_11_v": 0.856, "FPGA_X0_temp": 55.996, "x1_13_v1": 0.9, "FPGA_X1_VCCINT": 0.823, "x0_11_i": 53.562, "x1_13_v2": 1.2, "x1_14_i1": 3.941, "X0_power": 73.443372, "x1_14_i2": 3.359, "x0_14_i1": 4.0, "x0_14_i2": 3.293, "X1_power": 79.845636, "x0_14_v1": 1.2, "x1_11_i": 61.812, "x0_14_v2": 0.9, "x1_14_v1": 1.2, "x1_14_v2": 0.9, "x1_13_i1": 4.117, "x1_13_i2": 7.922, "FPGA_X0_VCCINT": 0.829}, "X0255": {"x1_10_i1": 0.465, "x1_10_i2": 2.957, "x1_10_v1": 1.8, "x1_10_v2": 1.8, "x0_13_i1": 4.086, "x1_11_v": 0.852, "x0_13_i2": 8.156, "PSU_volt": 54.56, "x0_13_v1": 0.9, "x0_13_v2": 1.199, "PSU_power": 979.352, "FPGA_X1_temp": 64.949, "x0_10_v1": 1.8, "x0_10_v2": 1.8, "x0_10_i1": 0.445, "x0_10_i2": 3.086, "x0_11_v": 0.855, "FPGA_X0_temp": 49.53, "x1_13_v1": 0.9, "FPGA_X1_VCCINT": 0.823, "x0_11_i": 41.0, "x1_13_v2": 1.2, "x1_14_i1": 3.945, "X0_power": 62.615344, "x1_14_i2": 3.355, "x0_14_i1": 3.996, "x0_14_i2": 3.281, "X1_power": 79.82549999999998, "x0_14_v1": 1.2, "x1_11_i": 61.875, "x0_14_v2": 0.9, "x1_14_v1": 1.2, "x1_14_v2": 0.9, "x1_13_i1": 4.109, "x1_13_i2": 7.914, "FPGA_X0_VCCINT": 0.835}, "X14095": {"x1_10_i1": 0.469, "x1_10_i2": 2.953, "x1_10_v1": 1.8, "x1_10_v2": 1.8, "x0_13_i1": 0.038, "x1_11_v": 0.851, "x0_13_i2": 0.017, "PSU_volt": 54.56, "x0_13_v1": 0.9, "x0_13_v2": 1.2, "PSU_power": 874.3240000000001, "FPGA_X1_temp": 54.504, "x0_10_v1": 1.8, "x0_10_v2": 1.8, "x0_10_i1": 0.333, "x0_10_i2": 2.973, "x0_11_v": 0.856, "FPGA_X0_temp": 20.682, "x1_13_v1": 0.9, "FPGA_X1_VCCINT": 0.829, "x0_11_i": 1.916, "x1_13_v2": 1.2, "x1_14_i1": 3.938, "X0_power": 7.709396000000001, "x1_14_i2": 3.273, "x0_14_i1": 0.039, "x0_14_i2": 0.019, "X1_power": 69.5527, "x0_14_v1": 1.2, "x1_11_i": 50.0, "x0_14_v2": 0.9, "x1_14_v1": 1.2, "x1_14_v2": 0.9, "x1_13_i1": 4.094, "x1_13_i2": 7.906, "FPGA_X0_VCCINT": 0.853}, "X1255": {"x1_10_i1": 0.463, "x1_10_i2": 2.957, "x1_10_v1": 1.8, "x1_10_v2": 1.8, "x0_13_i1": 0.036, "x1_11_v": 0.853, "x0_13_i2": 0.013, "PSU_volt": 54.56, "x0_13_v1": 0.9, "x0_13_v2": 1.2, "PSU_power": 864.7760000000001, "FPGA_X1_temp": 49.033, "x0_10_v1": 1.8, "x0_10_v2": 1.8, "x0_10_i1": 0.327, "x0_10_i2": 2.969, "x0_11_v": 0.855, "FPGA_X0_temp": 20.682, "x1_13_v1": 0.9, "FPGA_X1_VCCINT": 0.835, "x0_11_i": 1.926, "x1_13_v2": 1.199, "x1_14_i1": 3.934, "X0_power": 7.69683, "x1_14_i2": 3.266, "x0_14_i1": 0.045, "x0_14_i2": 0.017, "X1_power": 59.70676899999999, "x0_14_v1": 1.2, "x1_11_i": 38.375, "x0_14_v2": 0.9, "x1_14_v1": 1.2, "x1_14_v2": 0.9, "x1_13_i1": 4.086, "x1_13_i2": 7.906, "FPGA_X0_VCCINT": 0.853}, "X165535": {"x1_10_i1": 0.471, "x1_10_i2": 2.961, "x1_10_v1": 1.8, "x1_10_v2": 1.8, "x0_13_i1": 0.036, "x1_11_v": 0.852, "x0_13_i2": 0.012, "PSU_volt": 54.56, "x0_13_v1": 0.9, "x0_13_v2": 1.2, "PSU_power": 890.6920000000001, "FPGA_X1_temp": 58.98, "x0_10_v1": 1.8, "x0_10_v2": 1.8, "x0_10_i1": 0.333, "x0_10_i2": 2.973, "x0_11_v": 0.855, "FPGA_X0_temp": 20.682, "x1_13_v1": 0.901, "FPGA_X1_VCCINT": 0.826, "x0_11_i": 1.934, "x1_13_v2": 1.2, "x1_14_i1": 3.938, "X0_power": 7.72557, "x1_14_i2": 3.285, "x0_14_i1": 0.047, "x0_14_i2": 0.02, "X1_power": 78.585509, "x0_14_v1": 1.2, "x1_11_i": 60.5, "x0_14_v2": 0.9, "x1_14_v1": 1.2, "x1_14_v2": 0.9, "x1_13_i1": 4.109, "x1_13_i2": 7.898, "FPGA_X0_VCCINT": 0.853}, "X10": {"x1_10_i1": 0.482, "x1_10_i2": 2.961, "x1_10_v1": 1.8, "x1_10_v2": 1.8, "x0_13_i1": 0.032, "x1_11_v": 0.852, "x0_13_i2": 0.02, "PSU_volt": 54.56, "x0_13_v1": 0.9, "x0_13_v2": 1.2, "PSU_power": 836.1320000000001, "FPGA_X1_temp": 38.09, "x0_10_v1": 1.8, "x0_10_v2": 1.8, "x0_10_i1": 0.333, "x0_10_i2": 2.973, "x0_11_v": 0.855, "FPGA_X0_temp": 21.677, "x1_13_v1": 0.9, "FPGA_X1_VCCINT": 0.844, "x0_11_i": 1.959, "x1_13_v2": 1.2, "x1_14_i1": 3.93, "X0_power": 7.747245, "x1_14_i2": 3.203, "x0_14_i1": 0.043, "x0_14_i2": 0.019, "X1_power": 38.583756, "x0_14_v1": 1.2, "x1_11_i": 13.703, "x0_14_v2": 0.9, "x1_14_v1": 1.2, "x1_14_v2": 0.9, "x1_13_i1": 4.039, "x1_13_i2": 7.898, "FPGA_X0_VCCINT": 0.853}, "X015": {"x1_10_i1": 0.462, "x1_10_i2": 2.953, "x1_10_v1": 1.8, "x1_10_v2": 1.8, "x0_13_i1": 4.07, "x1_11_v": 0.852, "x0_13_i2": 8.156, "PSU_volt": 54.56, "x0_13_v1": 0.9, "x0_13_v2": 1.2, "PSU_power": 957.528, "FPGA_X1_temp": 64.451, "x0_10_v1": 1.8, "x0_10_v2": 1.8, "x0_10_i1": 0.448, "x0_10_i2": 3.086, "x0_11_v": 0.855, "FPGA_X0_temp": 43.064, "x1_13_v1": 0.9, "FPGA_X1_VCCINT": 0.826, "x0_11_i": 27.281, "x1_13_v2": 1.2, "x1_14_i1": 3.941, "X0_power": 50.877555, "x1_14_i2": 3.352, "x0_14_i1": 3.996, "x0_14_i2": 3.273, "X1_power": 79.75892400000001, "x0_14_v1": 1.2, "x1_11_i": 61.812, "x0_14_v2": 0.9, "x1_14_v1": 1.2, "x1_14_v2": 0.9, "x1_13_i1": 4.117, "x1_13_i2": 7.914, "FPGA_X0_VCCINT": 0.841}, "X00": {"x1_10_i1": 0.463, "x1_10_i2": 2.953, "x1_10_v1": 1.8, "x1_10_v2": 1.8, "x0_13_i1": 4.023, "x1_11_v": 0.853, "x0_13_i2": 8.141, "PSU_volt": 54.56, "x0_13_v1": 0.9, "x0_13_v2": 1.2, "PSU_power": 945.2520000000001, "FPGA_X1_temp": 62.959, "x0_10_v1": 1.8, "x0_10_v2": 1.8, "x0_10_i1": 0.458, "x0_10_i2": 3.09, "x0_11_v": 0.855, "FPGA_X0_temp": 37.593, "x1_13_v1": 0.901, "FPGA_X1_VCCINT": 0.823, "x0_11_i": 14.219, "x1_13_v2": 1.2, "x1_14_i1": 3.945, "X0_power": 39.628544999999995, "x1_14_i2": 3.34, "x0_14_i1": 3.984, "x0_14_i2": 3.238, "X1_power": 79.713358, "x0_14_v1": 1.2, "x1_11_i": 61.688, "x0_14_v2": 0.9, "x1_14_v1": 1.2, "x1_14_v2": 0.9, "x1_13_i1": 4.094, "x1_13_i2": 7.93, "FPGA_X0_VCCINT": 0.847}, "X115": {"x1_10_i1": 0.476, "x1_10_i2": 2.953, "x1_10_v1": 1.8, "x1_10_v2": 1.801, "x0_13_i1": 0.035, "x1_11_v": 0.852, "x0_13_i2": 0.016, "PSU_volt": 54.56, "x0_13_v1": 0.9, "x0_13_v2": 1.2, "PSU_power": 842.952, "FPGA_X1_temp": 43.562, "x0_10_v1": 1.8, "x0_10_v2": 1.8,