{"on": {"x1_10_i1": 0.356, "x1_10_i2": 2.852, "x1_10_v1": 1.8, "x1_10_v2": 1.8, "x0_13_i1": 0.037, "x1_11_v": 0.853, "x0_13_i2": 0.014, "PSU_volt": 54.56, "x0_13_v1": 0.9, "x0_13_v2": 1.2, "PSU_power": 716.0999999999999, "FPGA_X1_temp": 21.677, "x0_10_v1": 1.8, "x0_10_v2": 1.8, "x0_10_i1": 0.33, "x0_10_i2": 2.973, "x0_11_v": 0.854, "FPGA_X0_temp": 21.18, "x1_13_v1": 0.9, "FPGA_X1_VCCINT": 0.85, "x0_11_i": 1.963, "x1_13_v2": 1.2, "x1_14_i1": 0.004, "X0_power": 7.702502000000001, "x1_14_i2": 0.018, "x0_14_i1": 0.012, "x0_14_i2": 0.018, "X1_power": 5.938607, "x0_14_v1": 1.2, "x1_11_i": 0.119, "x0_14_v2": 0.9, "x1_14_v1": 1.2, "x1_14_v2": 0.9, "x1_13_i1": 0.033, "x1_13_i2": 0.01, "FPGA_X0_VCCINT": 0.853}, "X065535": {"x1_10_i1": 0.467, "x1_10_i2": 2.961, "x1_10_v1": 1.801, "x1_10_v2": 1.8, "x0_13_i1": 4.117, "x1_11_v": 0.852, "x0_13_i2": 8.141, "PSU_volt": 54.56, "x0_13_v1": 0.9, "x0_13_v2": 1.2, "PSU_power": 920.7, "FPGA_X1_temp": 76.388, "x0_10_v1": 1.8, "x0_10_v2": 1.8, "x0_10_i1": 0.447, "x0_10_i2": 3.086, "x0_11_v": 0.856, "FPGA_X0_temp": 75.394, "x1_13_v1": 0.9, "FPGA_X1_VCCINT": 0.823, "x0_11_i": 66.125, "x1_13_v2": 1.2, "x1_14_i1": 3.941, "X0_power": 84.23929999999999, "x1_14_i2": 3.348, "x0_14_i1": 4.0, "x0_14_i2": 3.336, "X1_power": 80.237843, "x0_14_v1": 1.2, "x1_11_i": 62.188, "x0_14_v2": 0.9, "x1_14_v1": 1.2, "x1_14_v2": 0.9, "x1_13_i1": 4.156, "x1_13_i2": 8.0, "FPGA_X0_VCCINT": 0.823}, "off": {"x1_10_i1": 0.003, "x1_10_i2": 0.003, "x1_10_v1": 0.329, "x1_10_v2": 0.697, "x0_13_i1": 0.003, "x1_11_v": 0.0, "x0_13_i2": 0.003, "PSU_volt": 54.56, "x0_13_v1": 0.01, "x0_13_v2": 0.801, "PSU_power": 713.372, "x0_10_v1": 0.251, "x0_10_v2": 0.632, "x0_10_i1": 0.0, "x0_10_i2": 0.005, "x0_11_v": 0.001, "x1_13_v1": 0.015, "x0_11_i": 0.0, "x1_13_v2": 0.849, "x1_14_i1": 0.003, "X0_power": 0.005633000000000001, "x1_14_i2": 0.002, "x0_14_i1": 0.004, "x0_14_i2": 0.002, "X1_power": 0.003161, "x0_14_v1": 0.006, "x1_11_i": 0.0, "x0_14_v2": 0.008, "x1_14_v1": 0.009, "x1_14_v2": 0.013, "x1_13_i1": 0.002, "x1_13_i2": 0.0}, "X04095": {"x1_10_i1": 0.464, "x1_10_i2": 2.957, "x1_10_v1": 1.8, "x1_10_v2": 1.8, "x0_13_i1": 4.133, "x1_11_v": 0.852, "x0_13_i2": 8.141, "PSU_volt": 54.56, "x0_13_v1": 0.9, "x0_13_v2": 1.199, "PSU_power": 907.0600000000002, "FPGA_X1_temp": 76.388, "x0_10_v1": 1.8, "x0_10_v2": 1.8, "x0_10_i1": 0.439, "x0_10_i2": 3.086, "x0_11_v": 0.856, "FPGA_X0_temp": 68.928, "x1_13_v1": 0.9, "FPGA_X1_VCCINT": 0.823, "x0_11_i": 54.812, "x1_13_v2": 1.2, "x1_14_i1": 3.938, "X0_power": 74.518131, "x1_14_i2": 3.352, "x0_14_i1": 3.996, "x0_14_i2": 3.309, "X1_power": 80.222376, "x0_14_v1": 1.2, "x1_11_i": 62.188, "x0_14_v2": 0.9, "x1_14_v1": 1.2, "x1_14_v2": 0.9, "x1_13_i1": 4.164, "x1_13_i2": 7.992, "FPGA_X0_VCCINT": 0.829}, "X0255": {"x1_10_i1": 0.467, "x1_10_i2": 2.957, "x1_10_v1": 1.8, "x1_10_v2": 1.801, "x0_13_i1": 4.078, "x1_11_v": 0.852, "x0_13_i2": 8.156, "PSU_volt": 54.56, "x0_13_v1": 0.9, "x0_13_v2": 1.2, "PSU_power": 887.964, "FPGA_X1_temp": 76.388, "x0_10_v1": 1.8, "x0_10_v2": 1.8, "x0_10_i1": 0.441, "x0_10_i2": 3.082, "x0_11_v": 0.856, "FPGA_X0_temp": 60.472, "x1_13_v1": 0.9, "FPGA_X1_VCCINT": 0.823, "x0_11_i": 41.938, "x1_13_v2": 1.2, "x1_14_i1": 3.934, "X0_power": 63.456628, "x1_14_i2": 3.348, "x0_14_i1": 3.996, "x0_14_i2": 3.293, "X1_power": 80.21753299999999, "x0_14_v1": 1.2, "x1_11_i": 62.188, "x0_14_v2": 0.9, "x1_14_v1": 1.2, "x1_14_v2": 0.9, "x1_13_i1": 4.148, "x1_13_i2": 8.0, "FPGA_X0_VCCINT": 0.835}, "X14095": {"x1_10_i1": 0.464, "x1_10_i2": 2.957, "x1_10_v1": 1.8, "x1_10_v2": 1.8, "x0_13_i1": 0.035, "x1_11_v": 0.853, "x0_13_i2": 0.015, "PSU_volt": 54.56, "x0_13_v1": 0.9, "x0_13_v2": 1.2, "PSU_power": 802.032, "FPGA_X1_temp": 67.436, "x0_10_v1": 1.8, "x0_10_v2": 1.8, "x0_10_i1": 0.331, "x0_10_i2": 2.965, "x0_11_v": 0.855, "FPGA_X0_temp": 21.18, "x1_13_v1": 0.9, "FPGA_X1_VCCINT": 0.826, "x0_11_i": 1.957, "x1_13_v2": 1.2, "x1_14_i1": 3.938, "X0_power": 7.728435, "x1_14_i2": 3.254, "x0_14_i1": 0.045, "x0_14_i2": 0.021, "X1_power": 69.594936, "x0_14_v1": 1.2, "x1_11_i": 49.812, "x0_14_v2": 0.9, "x1_14_v1": 1.2, "x1_14_v2": 0.9, "x1_13_i1": 4.125, "x1_13_i2": 7.984, "FPGA_X0_VCCINT": 0.853}, "X1255": {"x1_10_i1": 0.458, "x1_10_i2": 2.961, "x1_10_v1": 1.8, "x1_10_v2": 1.8, "x0_13_i1": 0.037, "x1_11_v": 0.853, "x0_13_i2": 0.018, "PSU_volt": 54.56, "x0_13_v1": 0.901, "x0_13_v2": 1.2, "PSU_power": 778.844, "FPGA_X1_temp": 58.98, "x0_10_v1": 1.8, "x0_10_v2": 1.8, "x0_10_i1": 0.334, "x0_10_i2": 2.969, "x0_11_v": 0.854, "FPGA_X0_temp": 21.18, "x1_13_v1": 0.9, "FPGA_X1_VCCINT": 0.832, "x0_11_i": 1.967, "x1_13_v2": 1.2, "x1_14_i1": 3.938, "X0_power": 7.747955000000001, "x1_14_i2": 3.234, "x0_14_i1": 0.04, "x0_14_i2": 0.022, "X1_power": 59.52988599999999, "x0_14_v1": 1.2, "x1_11_i": 38.062, "x0_14_v2": 0.9, "x1_14_v1": 1.2, "x1_14_v2": 0.9, "x1_13_i1": 4.102, "x1_13_i2": 7.984, "FPGA_X0_VCCINT": 0.853}, "X165535": {"x1_10_i1": 0.468, "x1_10_i2": 2.957, "x1_10_v1": 1.8, "x1_10_v2": 1.8, "x0_13_i1": 0.036, "x1_11_v": 0.852, "x0_13_i2": 0.013, "PSU_volt": 54.56, "x0_13_v1": 0.901, "x0_13_v2": 1.2, "PSU_power": 821.1279999999999, "FPGA_X1_temp": 74.399, "x0_10_v1": 1.8, "x0_10_v2": 1.8, "x0_10_i1": 0.332, "x0_10_i2": 2.965, "x0_11_v": 0.855, "FPGA_X0_temp": 21.677, "x1_13_v1": 0.9, "FPGA_X1_VCCINT": 0.823, "x0_11_i": 1.971, "x1_13_v2": 1.2, "x1_14_i1": 3.93, "X0_power": 7.737440999999999, "x1_14_i2": 3.27, "x0_14_i1": 0.043, "x0_14_i2": 0.02, "X1_power": 79.21529999999998, "x0_14_v1": 1.2, "x1_11_i": 61.125, "x0_14_v2": 0.9, "x1_14_v1": 1.2, "x1_14_v2": 0.9, "x1_13_i1": 4.156, "x1_13_i2": 7.977, "FPGA_X0_VCCINT": 0.853}, "X10": {"x1_10_i1": 0.484, "x1_10_i2": 2.961, "x1_10_v1": 1.8, "x1_10_v2": 1.8, "x0_13_i1": 0.035, "x1_11_v": 0.852, "x0_13_i2": 0.013, "PSU_volt": 54.56, "x0_13_v1": 0.9, "x0_13_v2": 1.2, "PSU_power": 757.02, "FPGA_X1_temp": 42.567, "x0_10_v1": 1.8, "x0_10_v2": 1.8, "x0_10_i1": 0.331, "x0_10_i2": 2.977, "x0_11_v": 0.854, "FPGA_X0_temp": 20.682, "x1_13_v1": 0.9, "FPGA_X1_VCCINT": 0.844, "x0_11_i": 1.947, "x1_13_v2": 1.2, "x1_14_i1": 3.93, "X0_power": 7.729938000000001, "x1_14_i2": 3.18, "x0_14_i1": 0.039, "x0_14_i2": 0.021, "X1_power": 37.885668, "x0_14_v1": 1.2, "x1_11_i": 12.859, "x0_14_v2": 0.9, "x1_14_v1": 1.2, "x1_14_v2": 0.9, "x1_13_i1": 4.008, "x1_13_i2": 7.953, "FPGA_X0_VCCINT": 0.853}, "X015": {"x1_10_i1": 0.469, "x1_10_i2": 2.965, "x1_10_v1": 1.8, "x1_10_v2": 1.8, "x0_13_i1": 4.031, "x1_11_v": 0.853, "x0_13_i2": 8.156, "PSU_volt": 54.56, "x0_13_v1": 0.9, "x0_13_v2": 1.2, "PSU_power": 875.6880000000001, "FPGA_X1_temp": 75.891, "x0_10_v1": 1.8, "x0_10_v2": 1.8, "x0_10_i1": 0.442, "x0_10_i2": 3.082, "x0_11_v": 0.855, "FPGA_X0_temp": 51.52, "x1_13_v1": 0.9, "FPGA_X1_VCCINT": 0.823, "x0_11_i": 27.656, "x1_13_v2": 1.2, "x1_14_i1": 3.938, "X0_power": 51.15228, "x1_14_i2": 3.348, "x0_14_i1": 3.996, "x0_14_i2": 3.281, "X1_power": 80.23952499999999, "x0_14_v1": 1.2, "x1_11_i": 62.125, "x0_14_v2": 0.9, "x1_14_v1": 1.2, "x1_14_v2": 0.9, "x1_13_i1": 4.141, "x1_13_i2": 8.0, "FPGA_X0_VCCINT": 0.841}, "X00": {"x1_10_i1": 0.466, "x1_10_i2": 2.957, "x1_10_v1": 1.8, "x1_10_v2": 1.8, "x0_13_i1": 3.984, "x1_11_v": 0.852, "x0_13_i2": 8.125, "PSU_volt": 54.56, "x0_13_v1": 0.901, "x0_13_v2": 1.2, "PSU_power": 868.8679999999999, "FPGA_X1_temp": 75.891, "x0_10_v1": 1.8, "x0_10_v2": 1.8, "x0_10_i1": 0.452, "x0_10_i2": 3.09, "x0_11_v": 0.856, "FPGA_X0_temp": 44.059, "x1_13_v1": 0.9, "FPGA_X1_VCCINT": 0.823, "x0_11_i": 14.438, "x1_13_v2": 1.2, "x1_14_i1": 3.941, "X0_power": 39.755612, "x1_14_i2": 3.344, "x0_14_i1": 3.984, "x0_14_i2": 3.223, "X1_power": 80.26410000000001, "x0_14_v1": 1.2, "x1_11_i": 62.25, "x0_14_v2": 0.9, "x1_14_v1": 1.2, "x1_14_v2": 0.9, "x1_13_i1": 4.141, "x1_13_i2": 8.0, "FPGA_X0_VCCINT": 0.847}, "X115": {"x1_10_i1": 0.468, "x1_10_i2": 2.957, "x1_10_v1": 1.8, "x1_10_v2": 1.8, "x0_13_i1": 0.037, "x1_11_v": 0.852, "x0_13_i2": 0.015, "PSU_volt": 54.56, "x0_13_v1": 0.901, "x0_13_v2": 1.2, "PSU_power": 774.7520000000001, "FPGA_X1_temp": 50.525,