{"on": {"x1_10_i1": 0.358, "x1_10_i2": 2.934, "x1_10_v1": 1.8, "x1_10_v2": 1.8, "x0_13_i1": 0.025, "x1_11_v": 0.852, "x0_13_i2": 0.013, "PSU_volt": 54.56, "x0_13_v1": 0.9, "x0_13_v2": 1.2, "PSU_power": 821.1279999999999, "FPGA_X1_temp": 20.185, "x0_10_v1": 1.801, "x0_10_v2": 1.8, "x0_10_i1": 0.376, "x0_10_i2": 2.852, "x0_11_v": 0.851, "FPGA_X0_temp": 20.185, "x1_13_v1": 0.9, "FPGA_X1_VCCINT": 0.85, "x0_11_i": 1.498, "x1_13_v2": 1.2, "x1_14_i1": 0.013, "X0_power": 7.151873999999999, "x1_14_i2": 0.018, "x0_14_i1": 0.013, "x0_14_i2": 0.014, "X1_power": 7.286142000000001, "x0_14_v1": 1.2, "x1_11_i": 1.512, "x0_14_v2": 0.9, "x1_14_v1": 1.2, "x1_14_v2": 0.901, "x1_13_i1": 0.029, "x1_13_i2": 0.012, "FPGA_X0_VCCINT": 0.847}, "X065535": {"x1_10_i1": 0.465, "x1_10_i2": 3.051, "x1_10_v1": 1.8, "x1_10_v2": 1.8, "x0_13_i1": 4.047, "x1_11_v": 0.854, "x0_13_i2": 8.047, "PSU_volt": 54.56, "x0_13_v1": 0.9, "x0_13_v2": 1.2, "PSU_power": 1033.912, "FPGA_X1_temp": 68.928, "x0_10_v1": 1.8, "x0_10_v2": 1.8, "x0_10_i1": 0.471, "x0_10_i2": 2.965, "x0_11_v": 0.853, "FPGA_X0_temp": 60.472, "x1_13_v1": 0.9, "FPGA_X1_VCCINT": 0.823, "x0_11_i": 61.812, "x1_13_v2": 1.2, "x1_14_i1": 3.938, "X0_power": 79.927236, "x1_14_i2": 3.375, "x0_14_i1": 3.965, "x0_14_i2": 3.289, "X1_power": 79.6492, "x0_14_v1": 1.2, "x1_11_i": 61.25, "x0_14_v2": 0.9, "x1_14_v1": 1.2, "x1_14_v2": 0.9, "x1_13_i1": 4.086, "x1_13_i2": 7.977, "FPGA_X0_VCCINT": 0.823}, "off": {"x1_10_i1": 0.002, "x1_10_i2": 0.0, "x1_10_v1": 0.061, "x1_10_v2": 0.547, "x0_13_i1": 0.001, "x1_11_v": 0.002, "x0_13_i2": 0.003, "PSU_volt": 54.56, "x0_13_v1": 0.028, "x0_13_v2": 0.973, "PSU_power": 799.3040000000001, "x0_10_v1": 0.052, "x0_10_v2": 0.517, "x0_10_i1": 0.004, "x0_10_i2": 0.004, "x0_11_v": 0.003, "x1_13_v1": 0.027, "x0_11_i": 0.0, "x1_13_v2": 0.997, "x1_14_i1": 0.001, "X0_power": 0.005269, "x1_14_i2": 0.004, "x0_14_i1": 0.002, "x0_14_i2": 0.001, "X1_power": 0.003381, "x0_14_v1": 0.014, "x1_11_i": 0.0, "x0_14_v2": 0.018, "x1_14_v1": 0.018, "x1_14_v2": 0.022, "x1_13_i1": 0.006, "x1_13_i2": 0.003}, "X04095": {"x1_10_i1": 0.463, "x1_10_i2": 3.047, "x1_10_v1": 1.8, "x1_10_v2": 1.8, "x0_13_i1": 4.039, "x1_11_v": 0.851, "x0_13_i2": 8.047, "PSU_volt": 54.56, "x0_13_v1": 0.9, "x0_13_v2": 1.2, "PSU_power": 1018.9080000000001, "FPGA_X1_temp": 67.436, "x0_10_v1": 1.801, "x0_10_v2": 1.8, "x0_10_i1": 0.47, "x0_10_i2": 2.965, "x0_11_v": 0.853, "FPGA_X0_temp": 55.996, "x1_13_v1": 0.9, "FPGA_X1_VCCINT": 0.823, "x0_11_i": 51.125, "x1_13_v2": 1.2, "x1_14_i1": 3.938, "X0_power": 70.799926, "x1_14_i2": 3.367, "x0_14_i1": 3.969, "x0_14_i2": 3.285, "X1_power": 79.533087, "x0_14_v1": 1.199, "x1_11_i": 61.375, "x0_14_v2": 0.9, "x1_14_v1": 1.199, "x1_14_v2": 0.9, "x1_13_i1": 4.078, "x1_13_i2": 7.969, "FPGA_X0_VCCINT": 0.826}, "X0255": {"x1_10_i1": 0.466, "x1_10_i2": 3.043, "x1_10_v1": 1.8, "x1_10_v2": 1.8, "x0_13_i1": 4.031, "x1_11_v": 0.854, "x0_13_i2": 8.062, "PSU_volt": 54.56, "x0_13_v1": 0.901, "x0_13_v2": 1.2, "PSU_power": 995.72, "FPGA_X1_temp": 65.943, "x0_10_v1": 1.8, "x0_10_v2": 1.8, "x0_10_i1": 0.477, "x0_10_i2": 2.957, "x0_11_v": 0.853, "FPGA_X0_temp": 50.027, "x1_13_v1": 0.9, "FPGA_X1_VCCINT": 0.823, "x0_11_i": 39.188, "x1_13_v2": 1.199, "x1_14_i1": 3.934, "X0_power": 60.611095, "x1_14_i2": 3.359, "x0_14_i1": 3.961, "x0_14_i2": 3.27, "X1_power": 79.738783, "x0_14_v1": 1.2, "x1_11_i": 61.438, "x0_14_v2": 0.9, "x1_14_v1": 1.2, "x1_14_v2": 0.9, "x1_13_i1": 4.062, "x1_13_i2": 7.969, "FPGA_X0_VCCINT": 0.832}, "X14095": {"x1_10_i1": 0.466, "x1_10_i2": 3.043, "x1_10_v1": 1.8, "x1_10_v2": 1.8, "x0_13_i1": 0.029, "x1_11_v": 0.854, "x0_13_i2": 0.013, "PSU_volt": 54.56, "x0_13_v1": 0.9, "x0_13_v2": 1.2, "PSU_power": 908.424, "FPGA_X1_temp": 55.001, "x0_10_v1": 1.8, "x0_10_v2": 1.8, "x0_10_i1": 0.369, "x0_10_i2": 2.852, "x0_11_v": 0.854, "FPGA_X0_temp": 19.687, "x1_13_v1": 0.9, "FPGA_X1_VCCINT": 0.829, "x0_11_i": 1.43, "x1_13_v2": 1.2, "x1_14_i1": 3.941, "X0_power": 7.121019999999999, "x1_14_i2": 3.281, "x0_14_i1": 0.039, "x0_14_i2": 0.015, "X1_power": 69.10624800000001, "x0_14_v1": 1.2, "x1_11_i": 49.062, "x0_14_v2": 0.9, "x1_14_v1": 1.2, "x1_14_v2": 0.9, "x1_13_i1": 4.062, "x1_13_i2": 7.961, "FPGA_X0_VCCINT": 0.847}, "X1255": {"x1_10_i1": 0.467, "x1_10_i2": 3.047, "x1_10_v1": 1.801, "x1_10_v2": 1.8, "x0_13_i1": 0.036, "x1_11_v": 0.854, "x0_13_i2": 0.011, "PSU_volt": 54.56, "x0_13_v1": 0.9, "x0_13_v2": 1.2, "PSU_power": 901.604, "FPGA_X1_temp": 48.535, "x0_10_v1": 1.8, "x0_10_v2": 1.8, "x0_10_i1": 0.373, "x0_10_i2": 2.859, "x0_11_v": 0.853, "FPGA_X0_temp": 20.185, "x1_13_v1": 0.9, "FPGA_X1_VCCINT": 0.835, "x0_11_i": 1.445, "x1_13_v2": 1.199, "x1_14_i1": 3.934, "X0_power": 7.163885000000001, "x1_14_i2": 3.266, "x0_14_i1": 0.041, "x0_14_i2": 0.021, "X1_power": 59.90144599999999, "x0_14_v1": 1.2, "x1_11_i": 38.312, "x0_14_v2": 0.9, "x1_14_v1": 1.2, "x1_14_v2": 0.9, "x1_13_i1": 4.047, "x1_13_i2": 7.969, "FPGA_X0_VCCINT": 0.847}, "X165535": {"x1_10_i1": 0.465, "x1_10_i2": 3.043, "x1_10_v1": 1.8, "x1_10_v2": 1.8, "x0_13_i1": 0.031, "x1_11_v": 0.854, "x0_13_i2": 0.014, "PSU_volt": 54.56, "x0_13_v1": 0.9, "x0_13_v2": 1.2, "PSU_power": 927.52, "FPGA_X1_temp": 58.98, "x0_10_v1": 1.801, "x0_10_v2": 1.8, "x0_10_i1": 0.372, "x0_10_i2": 2.855, "x0_11_v": 0.854, "FPGA_X0_temp": 20.185, "x1_13_v1": 0.901, "FPGA_X1_VCCINT": 0.826, "x0_11_i": 1.479, "x1_13_v2": 1.2, "x1_14_i1": 3.941, "X0_power": 7.176738, "x1_14_i2": 3.281, "x0_14_i1": 0.041, "x0_14_i2": 0.012, "X1_power": 78.86065500000001, "x0_14_v1": 1.2, "x1_11_i": 60.5, "x0_14_v2": 0.9, "x1_14_v1": 1.2, "x1_14_v2": 0.9, "x1_13_i1": 4.055, "x1_13_i2": 7.953, "FPGA_X0_VCCINT": 0.85}, "X10": {"x1_10_i1": 0.491, "x1_10_i2": 3.047, "x1_10_v1": 1.8, "x1_10_v2": 1.8, "x0_13_i1": 0.029, "x1_11_v": 0.851, "x0_13_i2": 0.016, "PSU_volt": 54.56, "x0_13_v1": 0.9, "x0_13_v2": 1.2, "PSU_power": 863.4120000000001, "FPGA_X1_temp": 37.593, "x0_10_v1": 1.801, "x0_10_v2": 1.8, "x0_10_i1": 0.371, "x0_10_i2": 2.852, "x0_11_v": 0.853, "FPGA_X0_temp": 20.185, "x1_13_v1": 0.9, "FPGA_X1_VCCINT": 0.844, "x0_11_i": 1.473, "x1_13_v2": 1.2, "x1_14_i1": 3.93, "X0_power": 7.167481999999999, "x1_14_i2": 3.238, "x0_14_i1": 0.042, "x0_14_i2": 0.015, "X1_power": 38.719191, "x0_14_v1": 1.201, "x1_11_i": 13.641, "x0_14_v2": 0.9, "x1_14_v1": 1.2, "x1_14_v2": 0.9, "x1_13_i1": 3.965, "x1_13_i2": 7.953, "FPGA_X0_VCCINT": 0.85}, "X015": {"x1_10_i1": 0.465, "x1_10_i2": 3.047, "x1_10_v1": 1.8, "x1_10_v2": 1.8, "x0_13_i1": 4.016, "x1_11_v": 0.854, "x0_13_i2": 8.062, "PSU_volt": 54.56, "x0_13_v1": 0.9, "x0_13_v2": 1.2, "PSU_power": 987.536, "FPGA_X1_temp": 64.949, "x0_10_v1": 1.8, "x0_10_v2": 1.8, "x0_10_i1": 0.484, "x0_10_i2": 2.957, "x0_11_v": 0.853, "FPGA_X0_temp": 43.064, "x1_13_v1": 0.901, "FPGA_X1_VCCINT": 0.823, "x0_11_i": 26.281, "x1_13_v2": 1.2, "x1_14_i1": 3.934, "X0_power": 49.593751, "x1_14_i2": 3.355, "x0_14_i1": 3.965, "x0_14_i2": 3.258, "X1_power": 79.76548799999999, "x0_14_v1": 1.2, "x1_11_i": 61.438, "x0_14_v2": 0.901, "x1_14_v1": 1.199, "x1_14_v2": 0.9, "x1_13_i1": 4.07, "x1_13_i2": 7.977, "FPGA_X0_VCCINT": 0.838}, "X00": {"x1_10_i1": 0.46, "x1_10_i2": 3.047, "x1_10_v1": 1.8, "x1_10_v2": 1.8, "x0_13_i1": 3.973, "x1_11_v": 0.854, "x0_13_i2": 8.031, "PSU_volt": 54.56, "x0_13_v1": 0.9, "x0_13_v2": 1.2, "PSU_power": 969.804, "FPGA_X1_temp": 62.959, "x0_10_v1": 1.801, "x0_10_v2": 1.8, "x0_10_i1": 0.496, "x0_10_i2": 2.965, "x0_11_v": 0.853, "FPGA_X0_temp": 37.593, "x1_13_v1": 0.9, "FPGA_X1_VCCINT": 0.823, "x0_11_i": 13.688, "x1_13_v2": 1.2, "x1_14_i1": 3.934, "X0_power": 38.771694000000004, "x1_14_i2": 3.344, "x0_14_i1": 3.949, "x0_14_i2": 3.234, "X1_power": 79.66235, "x0_14_v1": 1.2, "x1_11_i": 61.375, "x0_14_v2": 0.901, "x1_14_v1": 1.2, "x1_14_v2": 0.9, "x1_13_i1": 4.047, "x1_13_i2": 7.969, "FPGA_X0_VCCINT": 0.841}, "X115": {"x1_10_i1": 0.477, "x1_10_i2": 3.043, "x1_10_v1": 1.8, "x1_10_v2": 1.8, "x0_13_i1": 0.028, "x1_11_v": 0.854, "x0_13_i2": 0.013, "PSU_volt": 54.56, "x0_13_v1": 0.9, "x0_13_v2": 1.2, "PSU_power": 885.236,