{"on": {"x1_10_i1": 0.356, "x1_10_i2": 2.934, "x1_10_v1": 1.8, "x1_10_v2": 1.8, "x0_13_i1": 0.032, "x1_11_v": 0.852, "x0_13_i2": 0.014, "PSU_volt": 54.56, "x0_13_v1": 0.9, "x0_13_v2": 1.2, "PSU_power": 710.644, "FPGA_X1_temp": 20.682, "x0_10_v1": 1.8, "x0_10_v2": 1.8, "x0_10_i1": 0.366, "x0_10_i2": 2.855, "x0_11_v": 0.853, "FPGA_X0_temp": 20.682, "x1_13_v1": 0.9, "FPGA_X1_VCCINT": 0.85, "x0_11_i": 1.357, "x1_13_v2": 1.2, "x1_14_i1": 0.016, "X0_power": 7.027021, "x1_14_i2": 0.018, "x0_14_i1": 0.009, "x0_14_i2": 0.017, "X1_power": 7.345368000000001, "x0_14_v1": 1.2, "x1_11_i": 1.584, "x0_14_v2": 0.9, "x1_14_v1": 1.2, "x1_14_v2": 0.9, "x1_13_i1": 0.024, "x1_13_i2": 0.014, "FPGA_X0_VCCINT": 0.85}, "X065535": {"x1_10_i1": 0.464, "x1_10_i2": 3.043, "x1_10_v1": 1.8, "x1_10_v2": 1.8, "x0_13_i1": 4.031, "x1_11_v": 0.852, "x0_13_i2": 8.047, "PSU_volt": 54.56, "x0_13_v1": 0.9, "x0_13_v2": 1.2, "PSU_power": 917.9720000000001, "FPGA_X1_temp": 63.457, "x0_10_v1": 1.8, "x0_10_v2": 1.8, "x0_10_i1": 0.473, "x0_10_i2": 2.961, "x0_11_v": 0.851, "FPGA_X0_temp": 57.985, "x1_13_v1": 0.9, "FPGA_X1_VCCINT": 0.826, "x0_11_i": 61.75, "x1_13_v2": 1.2, "x1_14_i1": 3.934, "X0_power": 79.72564999999999, "x1_14_i2": 3.363, "x0_14_i1": 3.965, "x0_14_i2": 3.281, "X1_power": 79.54950000000001, "x0_14_v1": 1.2, "x1_11_i": 61.375, "x0_14_v2": 0.9, "x1_14_v1": 1.2, "x1_14_v2": 0.9, "x1_13_i1": 4.039, "x1_13_i2": 7.969, "FPGA_X0_VCCINT": 0.823}, "off": {"x1_10_i1": 0.002, "x1_10_i2": 0.002, "x1_10_v1": 0.061, "x1_10_v2": 0.547, "x0_13_i1": 0.0, "x1_11_v": 0.002, "x0_13_i2": 0.003, "PSU_volt": 54.56, "x0_13_v1": 0.029, "x0_13_v2": 0.972, "PSU_power": 690.1840000000001, "x0_10_v1": 0.052, "x0_10_v2": 0.518, "x0_10_i1": 0.007, "x0_10_i2": 0.006, "x0_11_v": 0.003, "x1_13_v1": 0.027, "x0_11_i": 0.0, "x1_13_v2": 0.997, "x1_14_i1": 0.007, "X0_power": 0.006462, "x1_14_i2": 0.005, "x0_14_i1": 0.004, "x0_14_i2": 0.001, "X1_power": 0.002557, "x0_14_v1": 0.014, "x1_11_i": 0.0, "x0_14_v2": 0.018, "x1_14_v1": 0.018, "x1_14_v2": 0.022, "x1_13_i1": 0.004, "x1_13_i2": 0.001}, "X04095": {"x1_10_i1": 0.465, "x1_10_i2": 3.043, "x1_10_v1": 1.8, "x1_10_v2": 1.8, "x0_13_i1": 4.023, "x1_11_v": 0.854, "x0_13_i2": 8.062, "PSU_volt": 54.56, "x0_13_v1": 0.9, "x0_13_v2": 1.2, "PSU_power": 897.512, "FPGA_X1_temp": 62.959, "x0_10_v1": 1.8, "x0_10_v2": 1.8, "x0_10_i1": 0.475, "x0_10_i2": 2.957, "x0_11_v": 0.853, "FPGA_X0_temp": 52.514, "x1_13_v1": 0.9, "FPGA_X1_VCCINT": 0.823, "x0_11_i": 51.438, "x1_13_v2": 1.199, "x1_14_i1": 3.938, "X0_power": 71.056614, "x1_14_i2": 3.371, "x0_14_i1": 3.965, "x0_14_i2": 3.277, "X1_power": 79.729491, "x0_14_v1": 1.2, "x1_11_i": 61.438, "x0_14_v2": 0.9, "x1_14_v1": 1.2, "x1_14_v2": 0.9, "x1_13_i1": 4.047, "x1_13_i2": 7.961, "FPGA_X0_VCCINT": 0.826}, "X0255": {"x1_10_i1": 0.463, "x1_10_i2": 3.043, "x1_10_v1": 1.8, "x1_10_v2": 1.8, "x0_13_i1": 4.023, "x1_11_v": 0.854, "x0_13_i2": 8.062, "PSU_volt": 54.56, "x0_13_v1": 0.9, "x0_13_v2": 1.2, "PSU_power": 882.5079999999999, "FPGA_X1_temp": 61.467, "x0_10_v1": 1.8, "x0_10_v2": 1.8, "x0_10_i1": 0.481, "x0_10_i2": 2.953, "x0_11_v": 0.853, "FPGA_X0_temp": 47.043, "x1_13_v1": 0.9, "FPGA_X1_VCCINT": 0.826, "x0_11_i": 39.562, "x1_13_v2": 1.2, "x1_14_i1": 3.934, "X0_power": 60.92368599999999, "x1_14_i2": 3.359, "x0_14_i1": 3.965, "x0_14_i2": 3.27, "X1_power": 79.70625199999999, "x0_14_v1": 1.2, "x1_11_i": 61.438, "x0_14_v2": 0.9, "x1_14_v1": 1.2, "x1_14_v2": 0.9, "x1_13_i1": 4.023, "x1_13_i2": 7.969, "FPGA_X0_VCCINT": 0.832}, "X14095": {"x1_10_i1": 0.468, "x1_10_i2": 3.047, "x1_10_v1": 1.8, "x1_10_v2": 1.8, "x0_13_i1": 0.034, "x1_11_v": 0.852, "x0_13_i2": 0.021, "PSU_volt": 54.56, "x0_13_v1": 0.9, "x0_13_v2": 1.2, "PSU_power": 792.484, "FPGA_X1_temp": 52.514, "x0_10_v1": 1.8, "x0_10_v2": 1.8, "x0_10_i1": 0.373, "x0_10_i2": 2.852, "x0_11_v": 0.853, "FPGA_X0_temp": 19.687, "x1_13_v1": 0.9, "FPGA_X1_VCCINT": 0.829, "x0_11_i": 1.225, "x1_13_v2": 1.2, "x1_14_i1": 3.934, "X0_power": 6.9650859999999994, "x1_14_i2": 3.289, "x0_14_i1": 0.039, "x0_14_i2": 0.014, "X1_power": 68.82809999999999, "x0_14_v1": 1.199, "x1_11_i": 48.875, "x0_14_v2": 0.9, "x1_14_v1": 1.2, "x1_14_v2": 0.9, "x1_13_i1": 4.039, "x1_13_i2": 7.953, "FPGA_X0_VCCINT": 0.847}, "X1255": {"x1_10_i1": 0.466, "x1_10_i2": 3.039, "x1_10_v1": 1.8, "x1_10_v2": 1.8, "x0_13_i1": 0.028, "x1_11_v": 0.852, "x0_13_i2": 0.014, "PSU_volt": 54.56, "x0_13_v1": 0.9, "x0_13_v2": 1.2, "PSU_power": 777.48, "FPGA_X1_temp": 46.546, "x0_10_v1": 1.8, "x0_10_v2": 1.8, "x0_10_i1": 0.374, "x0_10_i2": 2.848, "x0_11_v": 0.853, "FPGA_X0_temp": 20.185, "x1_13_v1": 0.901, "FPGA_X1_VCCINT": 0.832, "x0_11_i": 1.277, "x1_13_v2": 1.2, "x1_14_i1": 3.934, "X0_power": 6.996597999999999, "x1_14_i2": 3.285, "x0_14_i1": 0.042, "x0_14_i2": 0.017, "X1_power": 59.820463, "x0_14_v1": 1.2, "x1_11_i": 38.312, "x0_14_v2": 0.901, "x1_14_v1": 1.2, "x1_14_v2": 0.9, "x1_13_i1": 4.039, "x1_13_i2": 7.961, "FPGA_X0_VCCINT": 0.847}, "X165535": {"x1_10_i1": 0.464, "x1_10_i2": 3.043, "x1_10_v1": 1.8, "x1_10_v2": 1.8, "x0_13_i1": 0.033, "x1_11_v": 0.852, "x0_13_i2": 0.009, "PSU_volt": 54.56, "x0_13_v1": 0.9, "x0_13_v2": 1.2, "PSU_power": 800.668, "FPGA_X1_temp": 56.493, "x0_10_v1": 1.8, "x0_10_v2": 1.8, "x0_10_i1": 0.373, "x0_10_i2": 2.855, "x0_11_v": 0.853, "FPGA_X0_temp": 19.687, "x1_13_v1": 0.9, "FPGA_X1_VCCINT": 0.826, "x0_11_i": 1.328, "x1_13_v2": 1.199, "x1_14_i1": 3.938, "X0_power": 7.037084, "x1_14_i2": 3.293, "x0_14_i1": 0.037, "x0_14_i2": 0.01, "X1_power": 78.753747, "x0_14_v1": 1.2, "x1_11_i": 60.5, "x0_14_v2": 0.9, "x1_14_v1": 1.2, "x1_14_v2": 0.9, "x1_13_i1": 4.078, "x1_13_i2": 7.953, "FPGA_X0_VCCINT": 0.85}, "X10": {"x1_10_i1": 0.487, "x1_10_i2": 3.051, "x1_10_v1": 1.8, "x1_10_v2": 1.8, "x0_13_i1": 0.029, "x1_11_v": 0.851, "x0_13_i2": 0.02, "PSU_volt": 54.56, "x0_13_v1": 0.9, "x0_13_v2": 1.2, "PSU_power": 755.656, "FPGA_X1_temp": 36.598, "x0_10_v1": 1.8, "x0_10_v2": 1.8, "x0_10_i1": 0.371, "x0_10_i2": 2.848, "x0_11_v": 0.853, "FPGA_X0_temp": 20.185, "x1_13_v1": 0.9, "FPGA_X1_VCCINT": 0.844, "x0_11_i": 1.395, "x1_13_v2": 1.2, "x1_14_i1": 3.926, "X0_power": 7.100535, "x1_14_i2": 3.223, "x0_14_i1": 0.044, "x0_14_i2": 0.015, "X1_power": 38.432446999999996, "x0_14_v1": 1.2, "x1_11_i": 13.297, "x0_14_v2": 0.9, "x1_14_v1": 1.2, "x1_14_v2": 0.9, "x1_13_i1": 3.992, "x1_13_i2": 7.953, "FPGA_X0_VCCINT": 0.85}, "X015": {"x1_10_i1": 0.462, "x1_10_i2": 3.043, "x1_10_v1": 1.8, "x1_10_v2": 1.8, "x0_13_i1": 4.008, "x1_11_v": 0.854, "x0_13_i2": 8.062, "PSU_volt": 54.56, "x0_13_v1": 0.9, "x0_13_v2": 1.2, "PSU_power": 868.868, "FPGA_X1_temp": 59.975, "x0_10_v1": 1.8, "x0_10_v2": 1.8, "x0_10_i1": 0.482, "x0_10_i2": 2.961, "x0_11_v": 0.853, "FPGA_X0_temp": 40.577, "x1_13_v1": 0.9, "FPGA_X1_VCCINT": 0.823, "x0_11_i": 26.344, "x1_13_v2": 1.199, "x1_14_i1": 3.93, "X0_power": 49.651432, "x1_14_i2": 3.367, "x0_14_i1": 3.965, "x0_14_i2": 3.27, "X1_power": 79.58497899999999, "x0_14_v1": 1.2, "x1_11_i": 61.312, "x0_14_v2": 0.9, "x1_14_v1": 1.2, "x1_14_v2": 0.9, "x1_13_i1": 4.016, "x1_13_i2": 7.969, "FPGA_X0_VCCINT": 0.838}, "X00": {"x1_10_i1": 0.469, "x1_10_i2": 3.047, "x1_10_v1": 1.8, "x1_10_v2": 1.8, "x0_13_i1": 3.957, "x1_11_v": 0.854, "x0_13_i2": 8.047, "PSU_volt": 54.56, "x0_13_v1": 0.9, "x0_13_v2": 1.2, "PSU_power": 857.956, "FPGA_X1_temp": 59.478, "x0_10_v1": 1.8, "x0_10_v2": 1.8, "x0_10_i1": 0.499, "x0_10_i2": 2.969, "x0_11_v": 0.853, "FPGA_X0_temp": 35.603, "x1_13_v1": 0.9, "FPGA_X1_VCCINT": 0.823, "x0_11_i": 13.75, "x1_13_v2": 1.199, "x1_14_i1": 3.938, "X0_power": 38.82475, "x1_14_i2": 3.348, "x0_14_i1": 3.949, "x0_14_i2": 3.219, "X1_power": 78.780289, "x0_14_v1": 1.2, "x1_11_i": 60.375, "x0_14_v2": 0.9, "x1_14_v1": 1.2, "x1_14_v2": 0.9, "x1_13_i1": 4.008, "x1_13_i2": 7.961, "FPGA_X0_VCCINT": 0.841}, "X115": {"x1_10_i1": 0.476, "x1_10_i2": 3.043, "x1_10_v1": 1.8, "x1_10_v2": 1.8, "x0_13_i1": 0.028, "x1_11_v": 0.852, "x0_13_i2": 0.014, "PSU_volt": 54.56, "x0_13_v1": 0.9, "x0_13_v2": 1.2, "PSU_power": 762.4760000000001, "FPGA_X1_temp": 41.075, "x0_10_v1": 1.8,