{"on": {"x1_10_i1": 0.362, "x1_10_i2": 2.848, "x1_10_v1": 1.8, "x1_10_v2": 1.801, "x0_13_i1": 0.039, "x1_11_v": 0.852, "x0_13_i2": 0.014, "PSU_volt": 54.56, "x0_13_v1": 0.9, "x0_13_v2": 1.2, "PSU_power": 739.288, "FPGA_X1_temp": 22.174, "x0_10_v1": 1.8, "x0_10_v2": 1.8, "x0_10_i1": 0.327, "x0_10_i2": 2.977, "x0_11_v": 0.854, "FPGA_X0_temp": 21.677, "x1_13_v1": 0.9, "FPGA_X1_VCCINT": 0.85, "x0_11_i": 1.949, "x1_13_v2": 1.2, "x1_14_i1": 0.005, "X0_power": 7.698946, "x1_14_i2": 0.014, "x0_14_i1": 0.013, "x0_14_i2": 0.022, "X1_power": 5.939775999999999, "x0_14_v1": 1.2, "x1_11_i": 0.114, "x0_14_v2": 0.9, "x1_14_v1": 1.2, "x1_14_v2": 0.9, "x1_13_i1": 0.028, "x1_13_i2": 0.015, "FPGA_X0_VCCINT": 0.853}, "X065535": {"x1_10_i1": 0.474, "x1_10_i2": 2.957, "x1_10_v1": 1.8, "x1_10_v2": 1.8, "x0_13_i1": 4.086, "x1_11_v": 0.852, "x0_13_i2": 8.156, "PSU_volt": 54.56, "x0_13_v1": 0.9, "x0_13_v2": 1.2, "PSU_power": 937.068, "FPGA_X1_temp": 80.367, "x0_10_v1": 1.8, "x0_10_v2": 1.8, "x0_10_i1": 0.443, "x0_10_i2": 3.094, "x0_11_v": 0.855, "FPGA_X0_temp": 66.441, "x1_13_v1": 0.9, "FPGA_X1_VCCINT": 0.823, "x0_11_i": 66.25, "x1_13_v2": 1.2, "x1_14_i1": 3.949, "X0_power": 84.24945, "x1_14_i2": 3.363, "x0_14_i1": 4.0, "x0_14_i2": 3.305, "X1_power": 81.1587, "x0_14_v1": 1.2, "x1_11_i": 63.25, "x0_14_v2": 0.9, "x1_14_v1": 1.2, "x1_14_v2": 0.9, "x1_13_i1": 4.164, "x1_13_i2": 7.984, "FPGA_X0_VCCINT": 0.826}, "off": {"x1_10_i1": 0.003, "x1_10_i2": 0.001, "x1_10_v1": 0.284, "x1_10_v2": 0.676, "x0_13_i1": 0.004, "x1_11_v": 0.0, "x0_13_i2": 0.004, "PSU_volt": 54.56, "x0_13_v1": 0.012, "x0_13_v2": 0.867, "PSU_power": 758.384, "x0_10_v1": 0.31, "x0_10_v2": 0.681, "x0_10_i1": 0.007, "x0_10_i2": 0.001, "x0_11_v": 0.001, "x1_13_v1": 0.016, "x0_11_i": 0.0, "x1_13_v2": 0.884, "x1_14_i1": 0.005, "X0_power": 0.006398000000000001, "x1_14_i2": 0.0, "x0_14_i1": 0.001, "x0_14_i2": 0.001, "X1_power": 0.002541, "x0_14_v1": 0.022, "x1_11_i": 0.0, "x0_14_v2": 0.009, "x1_14_v1": 0.013, "x1_14_v2": 0.014, "x1_13_i1": 0.004, "x1_13_i2": 0.001}, "X04095": {"x1_10_i1": 0.471, "x1_10_i2": 2.953, "x1_10_v1": 1.8, "x1_10_v2": 1.8, "x0_13_i1": 4.078, "x1_11_v": 0.852, "x0_13_i2": 8.172, "PSU_volt": 54.56, "x0_13_v1": 0.9, "x0_13_v2": 1.2, "PSU_power": 917.972, "FPGA_X1_temp": 78.875, "x0_10_v1": 1.8, "x0_10_v2": 1.8, "x0_10_i1": 0.436, "x0_10_i2": 3.086, "x0_11_v": 0.855, "FPGA_X0_temp": 60.472, "x1_13_v1": 0.9, "FPGA_X1_VCCINT": 0.823, "x0_11_i": 54.312, "x1_13_v2": 1.2, "x1_14_i1": 3.945, "X0_power": 74.01306, "x1_14_i2": 3.359, "x0_14_i1": 4.0, "x0_14_i2": 3.289, "X1_power": 80.91629999999999, "x0_14_v1": 1.2, "x1_11_i": 63.0, "x0_14_v2": 0.9, "x1_14_v1": 1.2, "x1_14_v2": 0.9, "x1_13_i1": 4.164, "x1_13_i2": 7.977, "FPGA_X0_VCCINT": 0.829}, "X0255": {"x1_10_i1": 0.466, "x1_10_i2": 2.957, "x1_10_v1": 1.8, "x1_10_v2": 1.8, "x0_13_i1": 4.047, "x1_11_v": 0.85, "x0_13_i2": 8.172, "PSU_volt": 54.56, "x0_13_v1": 0.9, "x0_13_v2": 1.2, "PSU_power": 904.3320000000001, "FPGA_X1_temp": 77.383, "x0_10_v1": 1.8, "x0_10_v2": 1.8, "x0_10_i1": 0.436, "x0_10_i2": 3.082, "x0_11_v": 0.855, "FPGA_X0_temp": 53.509, "x1_13_v1": 0.9, "FPGA_X1_VCCINT": 0.823, "x0_11_i": 41.062, "x1_13_v2": 1.2, "x1_14_i1": 3.949, "X0_power": 62.63538, "x1_14_i2": 3.355, "x0_14_i1": 4.0, "x0_14_i2": 3.27, "X1_power": 80.67745, "x0_14_v1": 1.2, "x1_11_i": 62.875, "x0_14_v2": 0.901, "x1_14_v1": 1.2, "x1_14_v2": 0.9, "x1_13_i1": 4.148, "x1_13_i2": 7.984, "FPGA_X0_VCCINT": 0.835}, "X14095": {"x1_10_i1": 0.463, "x1_10_i2": 2.961, "x1_10_v1": 1.8, "x1_10_v2": 1.8, "x0_13_i1": 0.032, "x1_11_v": 0.853, "x0_13_i2": 0.016, "PSU_volt": 54.56, "x0_13_v1": 0.9, "x0_13_v2": 1.2, "PSU_power": 818.4, "FPGA_X1_temp": 62.959, "x0_10_v1": 1.8, "x0_10_v2": 1.8, "x0_10_i1": 0.337, "x0_10_i2": 2.973, "x0_11_v": 0.855, "FPGA_X0_temp": 21.677, "x1_13_v1": 0.9, "FPGA_X1_VCCINT": 0.829, "x0_11_i": 1.963, "x1_13_v2": 1.2, "x1_14_i1": 3.949, "X0_power": 7.754221, "x1_14_i2": 3.25, "x0_14_i1": 0.044, "x0_14_i2": 0.019, "X1_power": 69.87276399999999, "x0_14_v1": 1.199, "x1_11_i": 50.188, "x0_14_v2": 0.9, "x1_14_v1": 1.2, "x1_14_v2": 0.9, "x1_13_i1": 4.102, "x1_13_i2": 7.953, "FPGA_X0_VCCINT": 0.853}, "X1255": {"x1_10_i1": 0.464, "x1_10_i2": 2.953, "x1_10_v1": 1.8, "x1_10_v2": 1.801, "x0_13_i1": 0.033, "x1_11_v": 0.852, "x0_13_i2": 0.016, "PSU_volt": 54.56, "x0_13_v1": 0.9, "x0_13_v2": 1.2, "PSU_power": 799.3040000000001, "FPGA_X1_temp": 56.493, "x0_10_v1": 1.8, "x0_10_v2": 1.8, "x0_10_i1": 0.329, "x0_10_i2": 2.973, "x0_11_v": 0.855, "FPGA_X0_temp": 21.677, "x1_13_v1": 0.9, "FPGA_X1_VCCINT": 0.832, "x0_11_i": 1.965, "x1_13_v2": 1.2, "x1_14_i1": 3.945, "X0_power": 7.7349749999999995, "x1_14_i2": 3.246, "x0_14_i1": 0.037, "x0_14_i2": 0.02, "X1_power": 59.742253000000005, "x0_14_v1": 1.2, "x1_11_i": 38.375, "x0_14_v2": 0.9, "x1_14_v1": 1.2, "x1_14_v2": 0.9, "x1_13_i1": 4.094, "x1_13_i2": 7.961, "FPGA_X0_VCCINT": 0.853}, "X165535": {"x1_10_i1": 0.462, "x1_10_i2": 2.961, "x1_10_v1": 1.8, "x1_10_v2": 1.8, "x0_13_i1": 0.031, "x1_11_v": 0.853, "x0_13_i2": 0.019, "PSU_volt": 54.56, "x0_13_v1": 0.9, "x0_13_v2": 1.2, "PSU_power": 830.676, "FPGA_X1_temp": 70.42, "x0_10_v1": 1.8, "x0_10_v2": 1.8, "x0_10_i1": 0.332, "x0_10_i2": 2.973, "x0_11_v": 0.855, "FPGA_X0_temp": 21.18, "x1_13_v1": 0.9, "FPGA_X1_VCCINT": 0.823, "x0_11_i": 1.957, "x1_13_v2": 1.2, "x1_14_i1": 3.945, "X0_power": 7.737735, "x1_14_i2": 3.27, "x0_14_i1": 0.039, "x0_14_i2": 0.02, "X1_power": 78.98783599999999, "x0_14_v1": 1.2, "x1_11_i": 60.812, "x0_14_v2": 0.9, "x1_14_v1": 1.2, "x1_14_v2": 0.9, "x1_13_i1": 4.148, "x1_13_i2": 7.953, "FPGA_X0_VCCINT": 0.853}, "X10": {"x1_10_i1": 0.478, "x1_10_i2": 2.961, "x1_10_v1": 1.8, "x1_10_v2": 1.801, "x0_13_i1": 0.036, "x1_11_v": 0.852, "x0_13_i2": 0.021, "PSU_volt": 54.56, "x0_13_v1": 0.9, "x0_13_v2": 1.2, "PSU_power": 781.572, "FPGA_X1_temp": 42.069, "x0_10_v1": 1.8, "x0_10_v2": 1.8, "x0_10_i1": 0.333, "x0_10_i2": 2.973, "x0_11_v": 0.856, "FPGA_X0_temp": 22.174, "x1_13_v1": 0.9, "FPGA_X1_VCCINT": 0.844, "x0_11_i": 1.957, "x1_13_v2": 1.2, "x1_14_i1": 3.93, "X0_power": 7.752548, "x1_14_i2": 3.188, "x0_14_i1": 0.044, "x0_14_i2": 0.018, "X1_power": 38.757729, "x0_14_v1": 1.199, "x1_11_i": 13.859, "x0_14_v2": 0.9, "x1_14_v1": 1.2, "x1_14_v2": 0.9, "x1_13_i1": 4.031, "x1_13_i2": 7.953, "FPGA_X0_VCCINT": 0.853}, "X015": {"x1_10_i1": 0.471, "x1_10_i2": 2.953, "x1_10_v1": 1.8, "x1_10_v2": 1.801, "x0_13_i1": 4.07, "x1_11_v": 0.852, "x0_13_i2": 8.172, "PSU_volt": 54.56, "x0_13_v1": 0.9, "x0_13_v2": 1.2, "PSU_power": 890.692, "FPGA_X1_temp": 75.891, "x0_10_v1": 1.8, "x0_10_v2": 1.8, "x0_10_i1": 0.445, "x0_10_i2": 3.09, "x0_11_v": 0.854, "FPGA_X0_temp": 46.048, "x1_13_v1": 0.9, "FPGA_X1_VCCINT": 0.823, "x0_11_i": 27.094, "x1_13_v2": 1.2, "x1_14_i1": 3.941, "X0_power": 50.706475999999995, "x1_14_i2": 3.352, "x0_14_i1": 4.0, "x0_14_i2": 3.262, "X1_power": 80.57635300000001, "x0_14_v1": 1.2, "x1_11_i": 62.625, "x0_14_v2": 0.9, "x1_14_v1": 1.2, "x1_14_v2": 0.9, "x1_13_i1": 4.141, "x1_13_i2": 7.984, "FPGA_X0_VCCINT": 0.841}, "X00": {"x1_10_i1": 0.473, "x1_10_i2": 2.953, "x1_10_v1": 1.8, "x1_10_v2": 1.801, "x0_13_i1": 3.984, "x1_11_v": 0.853, "x0_13_i2": 8.141, "PSU_volt": 54.56, "x0_13_v1": 0.9, "x0_13_v2": 1.2, "PSU_power": 874.3240000000001, "FPGA_X1_temp": 74.896, "x0_10_v1": 1.8, "x0_10_v2": 1.8, "x0_10_i1": 0.458, "x0_10_i2": 3.094, "x0_11_v": 0.855, "FPGA_X0_temp": 40.08, "x1_13_v1": 0.9, "FPGA_X1_VCCINT": 0.823, "x0_11_i": 14.359, "x1_13_v2": 1.2, "x1_14_i1": 3.945, "X0_power": 39.72274499999999, "x1_14_i2": 3.336, "x0_14_i1": 3.992, "x0_14_i2": 3.23, "X1_power": 80.08425299999999, "x0_14_v1": 1.2, "x1_11_i": 62.0, "x0_14_v2": 0.9, "x1_14_v1": 1.2, "x1_14_v2": 0.9, "x1_13_i1": 4.133, "x1_13_i2": 7.977, "FPGA_X0_VCCINT": 0.847}, "X115": {"x1_10_i1": 0.47, "x1_10_i2": 2.949, "x1_10_v1": 1.8, "x1_10_v2": 1.8, "x0_13_i1": 0.037, "x1_11_v": 0.852, "x0_13_i2": 0.012, "PSU_volt": 54.56, "x0_13_v1": 0.9, "x0_13_v2": 1.2, "PSU_power": 793.8480000000001, "FPGA_X1_temp": 48.535, "x0_10_v1": 1.8,